stage,map_name,hero,Time Played,Most Played
Playoffs,Busan,Sigma,19451.482985499995,1.0
Playoffs,Busan,Orisa,19063.0839228,2.0
Playoffs,Busan,Moira,18701.123722100005,3.0
Playoffs,Busan,Doomfist,18527.8589002,4.0
Playoffs,Busan,Lúcio,17836.812785225004,5.0
Playoffs,Busan,Reaper,17254.7971665,6.0
Playoffs,Busan,Mercy,1195.1297060000002,7.0
Playoffs,Busan,Baptiste,746.56813089,8.0
Playoffs,Busan,Ana,732.8648044,9.0
Playoffs,Busan,McCree,721.1290186000001,10.0
Playoffs,Busan,Wrecking Ball,671.657121868,11.0
Playoffs,Busan,Mei,647.1832954,12.0
Playoffs,Busan,Symmetra,524.672546822,13.0
Playoffs,Busan,Widowmaker,514.8586779,14.0
Playoffs,Busan,Bastion,356.27181451,15.0
Playoffs,Busan,Pharah,302.67918510000004,16.0
Playoffs,Busan,Sombra,244.29982719999998,17.0
Playoffs,Busan,Tracer,118.74871641499999,18.0
Playoffs,Busan,Reinhardt,25.303261284999998,19.0
Playoffs,Busan,Roadhog,0.9718571309999999,20.0
Playoffs,Dorado,Sigma,9424.218144299999,1.0
Playoffs,Dorado,Orisa,9001.7647108,2.0
Playoffs,Dorado,Doomfist,5065.17766261,3.0
Playoffs,Dorado,Mercy,4896.9140683000005,4.0
Playoffs,Dorado,Pharah,4657.512126100001,5.0
Playoffs,Dorado,Moira,4423.00911552,6.0
Playoffs,Dorado,Ana,4419.9859064,7.0
Playoffs,Dorado,Lúcio,4090.0804329800003,8.0
Playoffs,Dorado,Reaper,3820.453278658,9.0
Playoffs,Dorado,McCree,2117.9590071000002,10.0
Playoffs,Dorado,Mei,2098.8427537300004,11.0
Playoffs,Dorado,Baptiste,1999.49412055,12.0
Playoffs,Dorado,Bastion,1960.5628335,13.0
Playoffs,Dorado,Winston,721.2214234520001,14.0
Playoffs,Dorado,D.Va,389.31078071999997,15.0
Playoffs,Dorado,Wrecking Ball,292.968584221,16.0
Playoffs,Dorado,Hanzo,86.592528697,17.0
Playoffs,Dorado,Widowmaker,12.646869957,18.0
Playoffs,Dorado,Genji,4.86859405,19.0
Playoffs,Dorado,Tracer,4.867989004,20.0
Playoffs,Eichenwalde,Orisa,10413.858696399997,1.0
Playoffs,Eichenwalde,Sigma,10319.4334304,2.0
Playoffs,Eichenwalde,Lúcio,9204.065338011002,3.0
Playoffs,Eichenwalde,Reaper,8798.2397299,4.0
Playoffs,Eichenwalde,Doomfist,8789.45435067,5.0
Playoffs,Eichenwalde,Moira,8365.054417185,6.0
Playoffs,Eichenwalde,Ana,2573.390345501,7.0
Playoffs,Eichenwalde,Mei,1596.2084605,8.0
Playoffs,Eichenwalde,Mercy,1044.2649691870001,9.0
Playoffs,Eichenwalde,Baptiste,1013.1797363960001,10.0
Playoffs,Eichenwalde,Pharah,1006.29472085,11.0
Playoffs,Eichenwalde,Bastion,925.5985360000001,12.0
Playoffs,Eichenwalde,Sombra,792.19849335,13.0
Playoffs,Eichenwalde,Wrecking Ball,733.8139182220001,14.0
Playoffs,Eichenwalde,D.Va,581.962195091,15.0
Playoffs,Eichenwalde,McCree,169.334608,16.0
Playoffs,Eichenwalde,Winston,150.886567165,17.0
Playoffs,Eichenwalde,Junkrat,72.97203898,18.0
Playoffs,Eichenwalde,Widowmaker,36.018952844,19.0
Playoffs,Eichenwalde,Symmetra,8.767749786,20.0
Playoffs,Eichenwalde,Genji,2.919539332,21.0
Playoffs,Eichenwalde,Hanzo,1.947625995,22.0
Playoffs,Hanamura,Ana,2112.8977623,1.0
Playoffs,Hanamura,Orisa,1661.2802233,2.0
Playoffs,Hanamura,Sigma,1609.7042228,3.0
Playoffs,Hanamura,Doomfist,1375.2148091000001,4.0
Playoffs,Hanamura,Baptiste,962.492270194,5.0
Playoffs,Hanamura,Lúcio,880.8277762299999,6.0
Playoffs,Hanamura,Winston,864.2096828000001,7.0
Playoffs,Hanamura,D.Va,851.5833359959998,8.0
Playoffs,Hanamura,Mercy,788.2756951000001,9.0
Playoffs,Hanamura,Pharah,784.3801004000001,10.0
Playoffs,Hanamura,Moira,518.6979793,11.0
Playoffs,Hanamura,Tracer,510.96271005,12.0
Playoffs,Hanamura,Mei,488.54913481,13.0
Playoffs,Hanamura,Symmetra,454.4515252,14.0
Playoffs,Hanamura,Bastion,452.53224869999997,15.0
Playoffs,Hanamura,Ashe,443.78758719999996,16.0
Playoffs,Hanamura,Reaper,386.413594107,17.0
Playoffs,Hanamura,Wrecking Ball,216.04696371999998,18.0
Playoffs,Hanamura,McCree,186.8258609,19.0
Playoffs,Hanamura,Junkrat,102.1818045,20.0
Playoffs,Hanamura,Reinhardt,60.367054279,21.0
Playoffs,Hanamura,Widowmaker,49.6501109,22.0
Playoffs,Hanamura,Sombra,22.39344573,23.0
Playoffs,Hanamura,Hanzo,5.848551333,24.0
Playoffs,Horizon Lunar Colony,Sigma,8155.630384000001,1.0
Playoffs,Horizon Lunar Colony,Orisa,8046.5265815,2.0
Playoffs,Horizon Lunar Colony,Moira,6090.3006136,3.0
Playoffs,Horizon Lunar Colony,Lúcio,5799.172634483999,4.0
Playoffs,Horizon Lunar Colony,Doomfist,5369.05044422,5.0
Playoffs,Horizon Lunar Colony,Reaper,5345.523756899999,6.0
Playoffs,Horizon Lunar Colony,Ana,2565.708742552,7.0
Playoffs,Horizon Lunar Colony,Baptiste,2439.2337613010004,8.0
Playoffs,Horizon Lunar Colony,Mei,1507.6536751000003,9.0
Playoffs,Horizon Lunar Colony,Bastion,1371.3794905999998,10.0
Playoffs,Horizon Lunar Colony,Wrecking Ball,935.524997718,11.0
Playoffs,Horizon Lunar Colony,Sombra,929.5376393219999,12.0
Playoffs,Horizon Lunar Colony,Symmetra,767.09063604,13.0
Playoffs,Horizon Lunar Colony,Mercy,662.8782748599999,14.0
Playoffs,Horizon Lunar Colony,Tracer,642.4842710599999,15.0
Playoffs,Horizon Lunar Colony,Junkrat,586.0353367660001,16.0
Playoffs,Horizon Lunar Colony,D.Va,447.82037189100004,17.0
Playoffs,Horizon Lunar Colony,Genji,286.1384871,18.0
Playoffs,Horizon Lunar Colony,Hanzo,245.24937979999999,19.0
Playoffs,Horizon Lunar Colony,Ashe,233.60273296,20.0
Playoffs,Horizon Lunar Colony,Zenyatta,188.8027962,21.0
Playoffs,Horizon Lunar Colony,Pharah,172.26790060000002,22.0
Playoffs,Horizon Lunar Colony,Widowmaker,158.6763186,23.0
Playoffs,Horizon Lunar Colony,Soldier: 76,73.95576917700001,24.0
Playoffs,Horizon Lunar Colony,Reinhardt,71.04992395,25.0
Playoffs,Horizon Lunar Colony,McCree,57.45098353,26.0
Playoffs,Horizon Lunar Colony,Zarya,51.596916022,27.0
Playoffs,Horizon Lunar Colony,Winston,37.947647695,28.0
Playoffs,Ilios,Orisa,3865.0603001,1.0
Playoffs,Ilios,Sigma,3694.6929591,2.0
Playoffs,Ilios,Doomfist,3406.6123512000004,3.0
Playoffs,Ilios,Pharah,3327.7749462,4.0
Playoffs,Ilios,Mercy,3249.8942524,5.0
Playoffs,Ilios,Ana,2253.2039677,6.0
Playoffs,Ilios,Moira,2161.7484978,7.0
Playoffs,Ilios,Lúcio,936.315212571,8.0
Playoffs,Ilios,D.Va,877.9450202,9.0
Playoffs,Ilios,Wrecking Ball,841.902976067,10.0
Playoffs,Ilios,Baptiste,820.5147817000001,11.0
Playoffs,Ilios,Sombra,678.3863475699999,12.0
Playoffs,Ilios,McCree,577.1542767999999,13.0
Playoffs,Ilios,Symmetra,287.1396835,14.0
Playoffs,Ilios,Junkrat,235.56201030000003,15.0
Playoffs,Ilios,Hanzo,234.58763369999997,16.0
Playoffs,Ilios,Bastion,212.1907267,17.0
Playoffs,Ilios,Mei,176.1476042,18.0
Playoffs,Ilios,Reaper,141.108429846,19.0
Playoffs,Ilios,Widowmaker,120.6913186,20.0
Playoffs,Ilios,Zarya,81.74831575,21.0
Playoffs,Ilios,Winston,60.327140926,22.0
Playoffs,Ilios,Tracer,24.32138371,23.0
Playoffs,King's Row,Sigma,21431.7039511,1.0
Playoffs,King's Row,Orisa,21411.402627000003,2.0
Playoffs,King's Row,Doomfist,19267.131719759996,3.0
Playoffs,King's Row,Moira,19088.99284487,4.0
Playoffs,King's Row,Lúcio,18852.4835259,5.0
Playoffs,King's Row,Reaper,18440.752801130002,6.0
Playoffs,King's Row,Ana,3388.0231479999998,7.0
Playoffs,King's Row,Mercy,3146.636364599,8.0
Playoffs,King's Row,Mei,2841.0261754999997,9.0
Playoffs,King's Row,McCree,1842.4625224299998,10.0
Playoffs,King's Row,Pharah,1473.5294645,11.0
Playoffs,King's Row,D.Va,959.63705166,12.0
Playoffs,King's Row,Baptiste,880.81032852,13.0
Playoffs,King's Row,Wrecking Ball,713.397932394,14.0
Playoffs,King's Row,Winston,644.2445963199999,15.0
Playoffs,King's Row,Symmetra,561.615916828,16.0
Playoffs,King's Row,Bastion,483.74303836,17.0
Playoffs,King's Row,Tracer,122.607184948,18.0
Playoffs,King's Row,Hanzo,121.65521014,19.0
Playoffs,King's Row,Roadhog,117.75236177999999,20.0
Playoffs,King's Row,Sombra,89.52341461,21.0
Playoffs,King's Row,Reinhardt,76.86146038700001,22.0
Playoffs,King's Row,Genji,68.14671087400001,23.0
Playoffs,King's Row,Widowmaker,44.752054689999994,24.0
Playoffs,King's Row,Zarya,1.9462310669999998,25.0
Playoffs,Lijiang Tower,Sigma,14293.506283499999,1.0
Playoffs,Lijiang Tower,Moira,14188.5025541,2.0
Playoffs,Lijiang Tower,Orisa,14172.760694499997,3.0
Playoffs,Lijiang Tower,Doomfist,13662.927364480001,4.0
Playoffs,Lijiang Tower,Lúcio,12219.579086448995,5.0
Playoffs,Lijiang Tower,Reaper,10941.479024620001,6.0
Playoffs,Lijiang Tower,Mercy,2945.9849488,7.0
Playoffs,Lijiang Tower,Pharah,2879.8166643,8.0
Playoffs,Lijiang Tower,Wrecking Ball,1645.9353601220002,9.0
Playoffs,Lijiang Tower,Ana,1397.5451658,10.0
Playoffs,Lijiang Tower,D.Va,1122.278323593,11.0
Playoffs,Lijiang Tower,McCree,1037.61990341,12.0
Playoffs,Lijiang Tower,Mei,972.3300686,13.0
Playoffs,Lijiang Tower,Symmetra,858.419966558,14.0
Playoffs,Lijiang Tower,Baptiste,778.7404431,15.0
Playoffs,Lijiang Tower,Sombra,406.84957754000004,16.0
Playoffs,Lijiang Tower,Junkrat,328.02230249999997,17.0
Playoffs,Lijiang Tower,Widowmaker,218.01998480000003,18.0
Playoffs,Lijiang Tower,Winston,215.11232786000002,19.0
Playoffs,Lijiang Tower,Tracer,211.25826555600003,20.0
Playoffs,Lijiang Tower,Bastion,116.81887759999998,21.0
Playoffs,Lijiang Tower,Zarya,109.98002360000001,22.0
Playoffs,Lijiang Tower,Brigitte,103.20980229999999,23.0
Playoffs,Lijiang Tower,Reinhardt,73.98898684699999,24.0
Playoffs,Numbani,Sigma,13682.548612999997,1.0
Playoffs,Numbani,Orisa,13158.944605499999,2.0
Playoffs,Numbani,Lúcio,6660.211058312,3.0
Playoffs,Numbani,Moira,6469.459610999001,4.0
Playoffs,Numbani,Reaper,6356.624492448,5.0
Playoffs,Numbani,Doomfist,6263.097071130001,6.0
Playoffs,Numbani,Baptiste,5957.472023507999,7.0
Playoffs,Numbani,Bastion,5573.05542816,8.0
Playoffs,Numbani,Mei,4963.90547333,9.0
Playoffs,Numbani,Ana,4746.742114029001,10.0
Playoffs,Numbani,Mercy,4159.95756556,11.0
Playoffs,Numbani,Pharah,2683.33642409,12.0
Playoffs,Numbani,Wrecking Ball,983.0068824539998,13.0
Playoffs,Numbani,McCree,702.7170305400001,14.0
Playoffs,Numbani,Sombra,481.76952211,15.0
Playoffs,Numbani,D.Va,301.70159504500003,16.0
Playoffs,Numbani,Symmetra,254.00677177,17.0
Playoffs,Numbani,Tracer,231.603866361,18.0
Playoffs,Numbani,Ashe,230.6739185,19.0
Playoffs,Numbani,Genji,219.96700556399998,20.0
Playoffs,Numbani,Zenyatta,195.63154565,21.0
Playoffs,Numbani,Hanzo,152.811982347,22.0
Playoffs,Numbani,Soldier: 76,73.96023631,23.0
Playoffs,Numbani,Reinhardt,57.42729055400001,24.0
Playoffs,Numbani,Winston,6.816208184,25.0
Playoffs,Numbani,Widowmaker,2.915969908,26.0
Playoffs,Numbani,Brigitte,0.971275628,27.0
Playoffs,Rialto,Sigma,13769.331030800002,1.0
Playoffs,Rialto,Orisa,13036.4890636,2.0
Playoffs,Rialto,Mercy,6536.929661370001,3.0
Playoffs,Rialto,Doomfist,6511.320932360002,4.0
Playoffs,Rialto,Moira,6476.180026806001,5.0
Playoffs,Rialto,Lúcio,5769.535126949998,6.0
Playoffs,Rialto,Reaper,5709.137877279999,7.0
Playoffs,Rialto,Baptiste,5572.23522231,8.0
Playoffs,Rialto,Pharah,5318.332756250001,9.0
Playoffs,Rialto,Bastion,5245.19985796,10.0
Playoffs,Rialto,Ana,3509.8929264999992,11.0
Playoffs,Rialto,Mei,2728.137570414,12.0
Playoffs,Rialto,Wrecking Ball,992.745624331,13.0
Playoffs,Rialto,Sombra,646.325295496,14.0
Playoffs,Rialto,McCree,592.81540724,15.0
Playoffs,Rialto,Symmetra,499.3362415,16.0
Playoffs,Rialto,Ashe,312.4337572,17.0
Playoffs,Rialto,Tracer,188.82344123,18.0
Playoffs,Rialto,Widowmaker,62.29672831,19.0
Playoffs,Rialto,D.Va,60.3552931,20.0
Playoffs,Rialto,Genji,51.58398473,21.0
Playoffs,Rialto,Reinhardt,6.82283789,22.0
Playoffs,Rialto,Zenyatta,0.970886052,23.0
Playoffs,Temple of Anubis,Sigma,16537.945030099996,1.0
Playoffs,Temple of Anubis,Orisa,15770.979681199999,2.0
Playoffs,Temple of Anubis,Moira,15440.08161012,3.0
Playoffs,Temple of Anubis,Lúcio,14634.215385489999,4.0
Playoffs,Temple of Anubis,Reaper,14565.09309364,5.0
Playoffs,Temple of Anubis,Doomfist,14016.08629562,6.0
Playoffs,Temple of Anubis,Mei,2230.757908563,7.0
Playoffs,Temple of Anubis,Baptiste,2164.6239626399997,8.0
Playoffs,Temple of Anubis,Symmetra,1434.64204766,9.0
Playoffs,Temple of Anubis,Ana,1347.0522474,10.0
Playoffs,Temple of Anubis,Wrecking Ball,1329.649473187,11.0
Playoffs,Temple of Anubis,Bastion,751.39934796,12.0
Playoffs,Temple of Anubis,Mercy,466.2297026,13.0
Playoffs,Temple of Anubis,Hanzo,417.587215683,14.0
Playoffs,Temple of Anubis,Winston,416.5425626499999,15.0
Playoffs,Temple of Anubis,Zenyatta,370.83522630000004,16.0
Playoffs,Temple of Anubis,Pharah,358.19399500000003,17.0
Playoffs,Temple of Anubis,Reinhardt,297.82209574300003,18.0
Playoffs,Temple of Anubis,Sombra,246.27889206,19.0
Playoffs,Temple of Anubis,Tracer,222.94445599099998,20.0
Playoffs,Temple of Anubis,McCree,126.53479890000001,21.0
Playoffs,Temple of Anubis,Widowmaker,55.467472380000004,22.0
Playoffs,Temple of Anubis,D.Va,41.859102431,23.0
Playoffs,Temple of Anubis,Roadhog,30.18757606,24.0
Playoffs,Temple of Anubis,Brigitte,1.947387278,25.0
Playoffs,Watchpoint: Gibraltar,Sigma,17084.7911698,1.0
Playoffs,Watchpoint: Gibraltar,Orisa,16756.7966854,2.0
Playoffs,Watchpoint: Gibraltar,Reaper,11601.76138374,3.0
Playoffs,Watchpoint: Gibraltar,Lúcio,11083.894136480001,4.0
Playoffs,Watchpoint: Gibraltar,Moira,10482.287714068001,5.0
Playoffs,Watchpoint: Gibraltar,Doomfist,10455.963956799998,6.0
Playoffs,Watchpoint: Gibraltar,Ana,7128.287965706,7.0
Playoffs,Watchpoint: Gibraltar,Mei,6214.2826306,8.0
Playoffs,Watchpoint: Gibraltar,Baptiste,5227.183948981,9.0
Playoffs,Watchpoint: Gibraltar,Bastion,4325.71709161,10.0
Playoffs,Watchpoint: Gibraltar,Mercy,2655.2896081,11.0
Playoffs,Watchpoint: Gibraltar,D.Va,1298.5584897400001,12.0
Playoffs,Watchpoint: Gibraltar,Sombra,1231.41523532,13.0
Playoffs,Watchpoint: Gibraltar,McCree,942.23233998,14.0
Playoffs,Watchpoint: Gibraltar,Wrecking Ball,901.420766311,15.0
Playoffs,Watchpoint: Gibraltar,Pharah,888.6505778000001,16.0
Playoffs,Watchpoint: Gibraltar,Winston,461.402721474,17.0
Playoffs,Watchpoint: Gibraltar,Symmetra,300.71087774,18.0
Playoffs,Watchpoint: Gibraltar,Hanzo,223.88507941700001,19.0
Playoffs,Watchpoint: Gibraltar,Genji,214.17138109999996,20.0
Playoffs,Watchpoint: Gibraltar,Tracer,161.61999482,21.0
Playoffs,Watchpoint: Gibraltar,Reinhardt,58.415727917000005,22.0
Playoffs,Watchpoint: Gibraltar,Zarya,26.278047442,23.0
Playoffs,Watchpoint: Gibraltar,Widowmaker,24.338707867,24.0
Playoffs,Watchpoint: Gibraltar,Brigitte,9.743871748,25.0
Playoffs,Watchpoint: Gibraltar,Soldier: 76,2.91435349,26.0
Playoffs,Watchpoint: Gibraltar,Zenyatta,0.976364076,27.0
Stage 1,Busan,Lúcio,37144.466185400015,1.0
Stage 1,Busan,Brigitte,30356.38149803701,2.0
Stage 1,Busan,Zenyatta,26241.401517820002,3.0
Stage 1,Busan,D.Va,24539.044112270003,4.0
Stage 1,Busan,Zarya,24456.158877490005,5.0
Stage 1,Busan,Reinhardt,21052.580122920004,6.0
Stage 1,Busan,Sombra,14318.588620059996,7.0
Stage 1,Busan,Wrecking Ball,11619.475647928002,8.0
Stage 1,Busan,Tracer,8942.974723532001,9.0
Stage 1,Busan,Ana,6838.496568989998,10.0
Stage 1,Busan,Widowmaker,6824.03548771,11.0
Stage 1,Busan,Winston,4954.182352099999,12.0
Stage 1,Busan,Moira,4253.39243377,13.0
Stage 1,Busan,Roadhog,828.3054532,14.0
Stage 1,Busan,Soldier: 76,308.500047279,15.0
Stage 1,Busan,McCree,266.69189567,16.0
Stage 1,Busan,Pharah,152.774603672,17.0
Stage 1,Busan,Mercy,69.10016453,18.0
Stage 1,Busan,Ashe,46.73238653,19.0
Stage 1,Busan,Reaper,36.97911417,20.0
Stage 1,Busan,Doomfist,31.136286675,21.0
Stage 1,Dorado,Lúcio,39258.81538519,1.0
Stage 1,Dorado,Zenyatta,37952.50794498999,2.0
Stage 1,Dorado,Brigitte,36270.58967380601,3.0
Stage 1,Dorado,Zarya,35891.99072622,4.0
Stage 1,Dorado,Reinhardt,34552.64346018599,5.0
Stage 1,Dorado,D.Va,33538.6768224,6.0
Stage 1,Dorado,Sombra,10255.787123907001,7.0
Stage 1,Dorado,Winston,4728.430668998,8.0
Stage 1,Dorado,Ana,4479.321822548,9.0
Stage 1,Dorado,Widowmaker,4311.014803064999,10.0
Stage 1,Dorado,Mercy,3017.343677886,11.0
Stage 1,Dorado,Wrecking Ball,2329.2387575219996,12.0
Stage 1,Dorado,Tracer,2068.4826226220002,13.0
Stage 1,Dorado,Hanzo,1536.9248690279999,14.0
Stage 1,Dorado,Genji,1184.5604517689999,15.0
Stage 1,Dorado,Orisa,976.3247820419999,16.0
Stage 1,Dorado,Pharah,551.8589569769999,17.0
Stage 1,Dorado,Reaper,277.398276335,18.0
Stage 1,Dorado,McCree,212.154033502,19.0
Stage 1,Dorado,Roadhog,168.403990995,20.0
Stage 1,Dorado,Junkrat,123.6246355,21.0
Stage 1,Dorado,Moira,70.06924790000001,22.0
Stage 1,Dorado,Doomfist,22.375669833,23.0
Stage 1,Dorado,Symmetra,11.67054433,24.0
Stage 1,Dorado,Soldier: 76,0.973896623,25.0
Stage 1,Hollywood,Zenyatta,39391.15832534001,1.0
Stage 1,Hollywood,Lúcio,39249.98196964001,2.0
Stage 1,Hollywood,Brigitte,39128.348885240004,3.0
Stage 1,Hollywood,Zarya,38943.39145804001,4.0
Stage 1,Hollywood,Reinhardt,37237.079706259996,5.0
Stage 1,Hollywood,D.Va,35760.468984340005,6.0
Stage 1,Hollywood,Sombra,4814.261686008002,7.0
Stage 1,Hollywood,Wrecking Ball,1559.266891408,8.0
Stage 1,Hollywood,Winston,1526.25701338,9.0
Stage 1,Hollywood,Mercy,1127.146052239,10.0
Stage 1,Hollywood,Tracer,684.245229845,11.0
Stage 1,Hollywood,Pharah,611.3148859,12.0
Stage 1,Hollywood,Ana,603.4480415439999,13.0
Stage 1,Hollywood,Widowmaker,391.261605223,14.0
Stage 1,Hollywood,Hanzo,333.8503438,15.0
Stage 1,Hollywood,Moira,311.446793828,16.0
Stage 1,Hollywood,Orisa,213.13748720600003,17.0
Stage 1,Hollywood,Ashe,202.416136613,18.0
Stage 1,Hollywood,Junkrat,199.50537917,19.0
Stage 1,Hollywood,Doomfist,30.175915777000004,20.0
Stage 1,Hollywood,Mei,25.30427021,21.0
Stage 1,Hollywood,Bastion,11.65905589,22.0
Stage 1,Hollywood,Genji,3.8930983539999997,23.0
Stage 1,Hollywood,Symmetra,3.8909651039999997,24.0
Stage 1,Hollywood,Soldier: 76,2.926064253,25.0
Stage 1,Hollywood,Roadhog,1.947068512,26.0
Stage 1,Horizon Lunar Colony,Lúcio,33744.939574300995,1.0
Stage 1,Horizon Lunar Colony,D.Va,33742.79366641,2.0
Stage 1,Horizon Lunar Colony,Zenyatta,33081.99825166,3.0
Stage 1,Horizon Lunar Colony,Brigitte,31874.301499350007,4.0
Stage 1,Horizon Lunar Colony,Zarya,31421.801335038996,5.0
Stage 1,Horizon Lunar Colony,Reinhardt,25676.07367801,6.0
Stage 1,Horizon Lunar Colony,Winston,6789.934225740001,7.0
Stage 1,Horizon Lunar Colony,Sombra,5765.66881531,8.0
Stage 1,Horizon Lunar Colony,Mercy,3741.3923141840005,9.0
Stage 1,Horizon Lunar Colony,Orisa,3201.120613438,10.0
Stage 1,Horizon Lunar Colony,Ana,3020.036449657,11.0
Stage 1,Horizon Lunar Colony,Wrecking Ball,2999.722236101001,12.0
Stage 1,Horizon Lunar Colony,Tracer,2404.1703385660003,13.0
Stage 1,Horizon Lunar Colony,Bastion,2113.9692819379998,14.0
Stage 1,Horizon Lunar Colony,Moira,2029.4430326279996,15.0
Stage 1,Horizon Lunar Colony,Pharah,1605.89866196,16.0
Stage 1,Horizon Lunar Colony,Widowmaker,1499.759206072,17.0
Stage 1,Horizon Lunar Colony,Reaper,1476.5244473630003,18.0
Stage 1,Horizon Lunar Colony,Genji,778.568053992,19.0
Stage 1,Horizon Lunar Colony,Junkrat,642.39174816,20.0
Stage 1,Horizon Lunar Colony,Torbjörn,553.77926456,21.0
Stage 1,Horizon Lunar Colony,Mei,310.447569763,22.0
Stage 1,Horizon Lunar Colony,Hanzo,275.444438628,23.0
Stage 1,Horizon Lunar Colony,Symmetra,197.526498251,24.0
Stage 1,Horizon Lunar Colony,Roadhog,35.997343783,25.0
Stage 1,Horizon Lunar Colony,Soldier: 76,18.475023385,26.0
Stage 1,Horizon Lunar Colony,Ashe,16.550643444,27.0
Stage 1,Horizon Lunar Colony,Doomfist,8.755665898,28.0
Stage 1,Horizon Lunar Colony,McCree,0.975731015,29.0
Stage 1,Ilios,Lúcio,42141.999955999985,1.0
Stage 1,Ilios,D.Va,41408.37664879999,2.0
Stage 1,Ilios,Zenyatta,40846.50010609999,3.0
Stage 1,Ilios,Brigitte,40060.83386966999,4.0
Stage 1,Ilios,Zarya,37302.35224896999,5.0
Stage 1,Ilios,Reinhardt,21753.154090959997,6.0
Stage 1,Ilios,Winston,16299.835018812997,7.0
Stage 1,Ilios,Sombra,5319.401036475,8.0
Stage 1,Ilios,Wrecking Ball,4529.037110046,9.0
Stage 1,Ilios,Orisa,3415.6262220000003,10.0
Stage 1,Ilios,Mercy,2920.25691526,11.0
Stage 1,Ilios,Pharah,2547.407604846,12.0
Stage 1,Ilios,Ana,2310.8272135089996,13.0
Stage 1,Ilios,McCree,2206.5880405499997,14.0
Stage 1,Ilios,Moira,1774.4972382900003,15.0
Stage 1,Ilios,Tracer,1562.4357860320004,16.0
Stage 1,Ilios,Hanzo,1311.2798969299997,17.0
Stage 1,Ilios,Widowmaker,1147.63688346,18.0
Stage 1,Ilios,Torbjörn,718.33081417,19.0
Stage 1,Ilios,Ashe,451.63629499999996,20.0
Stage 1,Ilios,Junkrat,146.9730721,21.0
Stage 1,Ilios,Symmetra,70.05759841,22.0
Stage 1,Ilios,Soldier: 76,66.197604652,23.0
Stage 1,Ilios,Doomfist,39.929034469,24.0
Stage 1,Ilios,Bastion,15.56660485,25.0
Stage 1,Ilios,Reaper,4.857072413,26.0
Stage 1,Ilios,Genji,1.947244525,27.0
Stage 1,King's Row,Lúcio,44051.2822747,1.0
Stage 1,King's Row,Zarya,43876.068738300004,2.0
Stage 1,King's Row,Reinhardt,43289.232556168,3.0
Stage 1,King's Row,Brigitte,40910.242360100005,4.0
Stage 1,King's Row,Zenyatta,40645.62450858001,5.0
Stage 1,King's Row,D.Va,30514.09606708,6.0
Stage 1,King's Row,Sombra,13154.744569935998,7.0
Stage 1,King's Row,Ana,4878.377208881,8.0
Stage 1,King's Row,Mei,1348.1366242000001,9.0
Stage 1,King's Row,Wrecking Ball,1227.2275117269999,10.0
Stage 1,King's Row,Reaper,598.4926843000001,11.0
Stage 1,King's Row,Mercy,516.8270902260001,12.0
Stage 1,King's Row,Widowmaker,440.90809348900007,13.0
Stage 1,King's Row,Pharah,418.53832886500004,14.0
Stage 1,King's Row,Hanzo,337.74483750999997,15.0
Stage 1,King's Row,Soldier: 76,226.7914739,16.0
Stage 1,King's Row,Winston,201.503542764,17.0
Stage 1,King's Row,Genji,190.74682652300004,18.0
Stage 1,King's Row,Symmetra,172.2809613,19.0
Stage 1,King's Row,Tracer,165.44010149500002,20.0
Stage 1,King's Row,Moira,155.741712571,21.0
Stage 1,King's Row,Orisa,119.69832105,22.0
Stage 1,King's Row,Roadhog,71.046585803,23.0
Stage 1,King's Row,Junkrat,54.50699061,24.0
Stage 1,King's Row,Doomfist,31.153541984999997,25.0
Stage 1,King's Row,Bastion,9.74555856,26.0
Stage 1,King's Row,Ashe,4.863295376,27.0
Stage 1,King's Row,McCree,1.944699287,28.0
Stage 1,Nepal,Lúcio,37843.849249201005,1.0
Stage 1,Nepal,D.Va,36629.03465719999,2.0
Stage 1,Nepal,Brigitte,34833.47249279999,3.0
Stage 1,Nepal,Zenyatta,34422.56761816,4.0
Stage 1,Nepal,Zarya,33995.385881973,5.0
Stage 1,Nepal,Reinhardt,20272.912435259997,6.0
Stage 1,Nepal,Winston,14919.592474645002,7.0
Stage 1,Nepal,Sombra,5610.290033874002,8.0
Stage 1,Nepal,Wrecking Ball,4342.970260874,9.0
Stage 1,Nepal,Ana,3678.2457475280003,10.0
Stage 1,Nepal,Pharah,2504.210172599,11.0
Stage 1,Nepal,Mercy,2310.605501577,12.0
Stage 1,Nepal,Moira,1880.3684578310001,13.0
Stage 1,Nepal,Tracer,1786.9989628270002,14.0
Stage 1,Nepal,Widowmaker,1484.3590848489998,15.0
Stage 1,Nepal,Hanzo,1175.68276138,16.0
Stage 1,Nepal,McCree,1164.0843172500001,17.0
Stage 1,Nepal,Orisa,951.88747786,18.0
Stage 1,Nepal,Roadhog,482.660216765,19.0
Stage 1,Nepal,Mei,385.42867714,20.0
Stage 1,Nepal,Soldier: 76,157.686885235,21.0
Stage 1,Nepal,Reaper,73.99273515,22.0
Stage 1,Nepal,Doomfist,20.442401703999998,23.0
Stage 1,Numbani,D.Va,42376.938108800015,1.0
Stage 1,Numbani,Lúcio,42366.27641190001,2.0
Stage 1,Numbani,Zenyatta,41705.46824140002,3.0
Stage 1,Numbani,Brigitte,41560.32250593001,4.0
Stage 1,Numbani,Zarya,40863.3649499,5.0
Stage 1,Numbani,Reinhardt,32027.907754816995,6.0
Stage 1,Numbani,Winston,9875.18739615,7.0
Stage 1,Numbani,Sombra,5465.277525100999,8.0
Stage 1,Numbani,Ana,3149.646050601,9.0
Stage 1,Numbani,Wrecking Ball,3124.258999191,10.0
Stage 1,Numbani,Pharah,2055.6684358889997,11.0
Stage 1,Numbani,Mercy,2012.8268117999999,12.0
Stage 1,Numbani,Genji,459.38979615899996,13.0
Stage 1,Numbani,Moira,412.626315726,14.0
Stage 1,Numbani,Reaper,323.101696453,15.0
Stage 1,Numbani,Tracer,284.24118510599993,16.0
Stage 1,Numbani,McCree,138.23876642500002,17.0
Stage 1,Numbani,Widowmaker,26.307060835,18.0
Stage 1,Numbani,Hanzo,18.479514359999996,19.0
Stage 1,Numbani,Doomfist,13.622070134,20.0
Stage 1,Numbani,Mei,9.735294163,21.0
Stage 1,Numbani,Roadhog,8.77036339,22.0
Stage 1,Numbani,Symmetra,8.751439691,23.0
Stage 1,Numbani,Soldier: 76,2.9177815910000002,24.0
Stage 1,Rialto,Lúcio,43489.76816359999,1.0
Stage 1,Rialto,Zenyatta,42831.923061099995,2.0
Stage 1,Rialto,Zarya,42453.19202864999,3.0
Stage 1,Rialto,Brigitte,41779.57774938,4.0
Stage 1,Rialto,D.Va,40691.542529,5.0
Stage 1,Rialto,Reinhardt,40094.72550226999,6.0
Stage 1,Rialto,Sombra,5555.545352772,7.0
Stage 1,Rialto,Wrecking Ball,2670.808702628,8.0
Stage 1,Rialto,Ana,2338.800302293,9.0
Stage 1,Rialto,Winston,2094.6478112080003,10.0
Stage 1,Rialto,Mercy,1604.0521621269997,11.0
Stage 1,Rialto,Pharah,1150.414449021,12.0
Stage 1,Rialto,Widowmaker,883.8584980379997,13.0
Stage 1,Rialto,Mei,852.6455736,14.0
Stage 1,Rialto,Orisa,668.69043703,15.0
Stage 1,Rialto,Hanzo,524.6820643379999,16.0
Stage 1,Rialto,Tracer,283.210326141,17.0
Stage 1,Rialto,McCree,261.83249634000003,18.0
Stage 1,Rialto,Roadhog,223.88038497000002,19.0
Stage 1,Rialto,Moira,211.21659053,20.0
Stage 1,Rialto,Bastion,210.25004759299998,21.0
Stage 1,Rialto,Reaper,130.39655245,22.0
Stage 1,Rialto,Genji,68.12550253,23.0
Stage 1,Rialto,Doomfist,12.65152687,24.0
Stage 1,Rialto,Soldier: 76,8.771766305,25.0
Stage 1,Rialto,Symmetra,4.871007621,26.0
Stage 1,Route 66,Lúcio,40394.011355300005,1.0
Stage 1,Route 66,Brigitte,40304.4536526,2.0
Stage 1,Route 66,Zarya,39044.044429350004,3.0
Stage 1,Route 66,Reinhardt,38763.6826111,4.0
Stage 1,Route 66,Zenyatta,37895.4895675,5.0
Stage 1,Route 66,D.Va,31394.149019859997,6.0
Stage 1,Route 66,Sombra,11816.416347215,7.0
Stage 1,Route 66,Ana,2515.0016553419996,8.0
Stage 1,Route 66,Mercy,2259.82704753,9.0
Stage 1,Route 66,Hanzo,1501.711619332,10.0
Stage 1,Route 66,Tracer,1471.5075671009997,11.0
Stage 1,Route 66,Orisa,1456.9156549559998,12.0
Stage 1,Route 66,Winston,1387.922305178,13.0
Stage 1,Route 66,Wrecking Ball,1321.7619607990002,14.0
Stage 1,Route 66,Pharah,1048.1807963999997,15.0
Stage 1,Route 66,Widowmaker,913.8732803190002,16.0
Stage 1,Route 66,Bastion,869.116283028,17.0
Stage 1,Route 66,Moira,449.724200758,18.0
Stage 1,Route 66,Soldier: 76,409.791316603,19.0
Stage 1,Route 66,McCree,400.98333767099996,20.0
Stage 1,Route 66,Roadhog,286.111846087,21.0
Stage 1,Route 66,Ashe,191.71868926500002,22.0
Stage 1,Route 66,Junkrat,113.84445515299998,23.0
Stage 1,Route 66,Reaper,80.809777915,24.0
Stage 1,Route 66,Genji,76.869201179,25.0
Stage 1,Route 66,Mei,40.870609343,26.0
Stage 1,Route 66,Symmetra,36.009670852,27.0
Stage 1,Route 66,Doomfist,32.118348956000006,28.0
Stage 1,Route 66,Torbjörn,0.974885643,29.0
Stage 1,Temple of Anubis,D.Va,39273.46826259999,1.0
Stage 1,Temple of Anubis,Lúcio,38462.638850772004,2.0
Stage 1,Temple of Anubis,Zenyatta,38116.13854029999,3.0
Stage 1,Temple of Anubis,Brigitte,37092.124189509996,4.0
Stage 1,Temple of Anubis,Zarya,37033.93984339001,5.0
Stage 1,Temple of Anubis,Reinhardt,31645.304095043004,6.0
Stage 1,Temple of Anubis,Winston,6071.740460619999,7.0
Stage 1,Temple of Anubis,Wrecking Ball,3200.212575708999,8.0
Stage 1,Temple of Anubis,Mercy,2692.1533162700002,9.0
Stage 1,Temple of Anubis,Sombra,2396.1821752429996,10.0
Stage 1,Temple of Anubis,Widowmaker,2311.6663496789997,11.0
Stage 1,Temple of Anubis,Ana,1812.2047385989997,12.0
Stage 1,Temple of Anubis,Pharah,1504.710797787,13.0
Stage 1,Temple of Anubis,Orisa,1181.59614966,14.0
Stage 1,Temple of Anubis,Tracer,1071.633482115,15.0
Stage 1,Temple of Anubis,Junkrat,1011.2681689400001,16.0
Stage 1,Temple of Anubis,Moira,576.2478204180001,17.0
Stage 1,Temple of Anubis,Genji,564.5078158599999,18.0
Stage 1,Temple of Anubis,Mei,363.99442839400007,19.0
Stage 1,Temple of Anubis,Soldier: 76,303.703344057,20.0
Stage 1,Temple of Anubis,Bastion,241.371375094,21.0
Stage 1,Temple of Anubis,Symmetra,125.54256808,22.0
Stage 1,Temple of Anubis,McCree,119.72351718499999,23.0
Stage 1,Temple of Anubis,Doomfist,107.99401515300002,24.0
Stage 1,Temple of Anubis,Torbjörn,95.37863022399999,25.0
Stage 1,Temple of Anubis,Roadhog,91.497091348,26.0
Stage 1,Temple of Anubis,Hanzo,72.984442952,27.0
Stage 1,Temple of Anubis,Reaper,19.457118692,28.0
Stage 1,Volskaya Industries,Lúcio,45904.25860594002,1.0
Stage 1,Volskaya Industries,Brigitte,43434.82661043,2.0
Stage 1,Volskaya Industries,Zenyatta,42969.61387772001,3.0
Stage 1,Volskaya Industries,Zarya,41402.603889653015,4.0
Stage 1,Volskaya Industries,D.Va,39802.636609553,5.0
Stage 1,Volskaya Industries,Reinhardt,31451.714422004006,6.0
Stage 1,Volskaya Industries,Sombra,11702.145892669001,7.0
Stage 1,Volskaya Industries,Winston,10854.175894359,8.0
Stage 1,Volskaya Industries,Wrecking Ball,7520.866825796002,9.0
Stage 1,Volskaya Industries,Ana,4445.21343862,10.0
Stage 1,Volskaya Industries,Tracer,4148.366931729002,11.0
Stage 1,Volskaya Industries,Widowmaker,3526.455106072999,12.0
Stage 1,Volskaya Industries,Mercy,3407.618762645,13.0
Stage 1,Volskaya Industries,Pharah,2654.2793971090005,14.0
Stage 1,Volskaya Industries,Moira,1080.392546408,15.0
Stage 1,Volskaya Industries,Hanzo,825.441312016,16.0
Stage 1,Volskaya Industries,Reaper,398.12591657,17.0
Stage 1,Volskaya Industries,McCree,208.28742114099998,18.0
Stage 1,Volskaya Industries,Soldier: 76,198.556211225,19.0
Stage 1,Volskaya Industries,Doomfist,176.186940896,20.0
Stage 1,Volskaya Industries,Bastion,169.3606588,21.0
Stage 1,Volskaya Industries,Orisa,167.41318711799997,22.0
Stage 1,Volskaya Industries,Torbjörn,164.487193754,23.0
Stage 1,Volskaya Industries,Genji,159.617613965,24.0
Stage 1,Volskaya Industries,Mei,116.801362211,25.0
Stage 1,Volskaya Industries,Symmetra,64.23981511000001,26.0
Stage 1,Volskaya Industries,Ashe,37.951054449,27.0
Stage 1,Volskaya Industries,Roadhog,9.732131064,28.0
Stage 1,Volskaya Industries,Junkrat,2.9227273460000003,29.0
Stage 2,Blizzard World,Lúcio,40685.188854520005,1.0
Stage 2,Blizzard World,Brigitte,37447.881919759995,2.0
Stage 2,Blizzard World,Zarya,37299.86554016,3.0
Stage 2,Blizzard World,D.Va,37219.28855563999,4.0
Stage 2,Blizzard World,Zenyatta,34196.74709529999,5.0
Stage 2,Blizzard World,Reinhardt,33540.6074692,6.0
Stage 2,Blizzard World,Sombra,10485.629421871996,7.0
Stage 2,Blizzard World,Ana,10131.684961966004,8.0
Stage 2,Blizzard World,Wrecking Ball,5592.032485468001,9.0
Stage 2,Blizzard World,Winston,5330.201579554,10.0
Stage 2,Blizzard World,Mercy,4497.762796127001,11.0
Stage 2,Blizzard World,Pharah,3053.5148493239994,12.0
Stage 2,Blizzard World,Hanzo,3048.4153453,13.0
Stage 2,Blizzard World,Baptiste,2636.865702103,14.0
Stage 2,Blizzard World,Widowmaker,2051.7089870379996,15.0
Stage 2,Blizzard World,Tracer,2044.989370944,16.0
Stage 2,Blizzard World,Orisa,1556.246377626,17.0
Stage 2,Blizzard World,Soldier: 76,1157.3708989079998,18.0
Stage 2,Blizzard World,Bastion,949.9981467580001,19.0
Stage 2,Blizzard World,Moira,558.749350732,20.0
Stage 2,Blizzard World,McCree,461.26302726500006,21.0
Stage 2,Blizzard World,Doomfist,424.4298308769999,22.0
Stage 2,Blizzard World,Genji,418.564063166,23.0
Stage 2,Blizzard World,Roadhog,333.78374674,24.0
Stage 2,Blizzard World,Ashe,229.72569908500003,25.0
Stage 2,Blizzard World,Torbjörn,183.95310058899997,26.0
Stage 2,Blizzard World,Junkrat,107.06060719999999,27.0
Stage 2,Blizzard World,Symmetra,101.25076853799997,28.0
Stage 2,Blizzard World,Mei,1.9443562630000002,29.0
Stage 2,Busan,Lúcio,32395.93602869302,1.0
Stage 2,Busan,Brigitte,27684.142848915013,2.0
Stage 2,Busan,D.Va,26146.106071880004,3.0
Stage 2,Busan,Zarya,24325.264342148,4.0
Stage 2,Busan,Zenyatta,21517.066387960003,5.0
Stage 2,Busan,Reinhardt,21466.635789610013,6.0
Stage 2,Busan,Sombra,10137.010280704002,7.0
Stage 2,Busan,Ana,9106.0513169,8.0
Stage 2,Busan,Winston,6055.291560975998,9.0
Stage 2,Busan,Wrecking Ball,5693.489021093002,10.0
Stage 2,Busan,Widowmaker,5311.816207835999,11.0
Stage 2,Busan,Tracer,3963.797921249001,12.0
Stage 2,Busan,Moira,3245.8622985909997,13.0
Stage 2,Busan,Soldier: 76,1650.756207563,14.0
Stage 2,Busan,Mercy,1545.5318255,15.0
Stage 2,Busan,Orisa,1031.70270499,16.0
Stage 2,Busan,Torbjörn,757.2373134100001,17.0
Stage 2,Busan,Roadhog,752.4560287900001,18.0
Stage 2,Busan,Pharah,730.3517556469999,19.0
Stage 2,Busan,Doomfist,546.1237827350001,20.0
Stage 2,Busan,Hanzo,229.70747828999998,21.0
Stage 2,Busan,Baptiste,65.728615168,22.0
Stage 2,Busan,Genji,53.53678876,23.0
Stage 2,Busan,McCree,49.645925042,24.0
Stage 2,Busan,Reaper,9.735736668,25.0
Stage 2,Busan,Bastion,7.32566005,26.0
Stage 2,Eichenwalde,D.Va,28650.807716140003,1.0
Stage 2,Eichenwalde,Lúcio,28359.870707415997,2.0
Stage 2,Eichenwalde,Brigitte,26598.230576376,3.0
Stage 2,Eichenwalde,Zarya,25762.866520332,4.0
Stage 2,Eichenwalde,Zenyatta,22222.790868529995,5.0
Stage 2,Eichenwalde,Reinhardt,20675.370073500002,6.0
Stage 2,Eichenwalde,Ana,9780.301462532998,7.0
Stage 2,Eichenwalde,Winston,8156.567916675999,8.0
Stage 2,Eichenwalde,Sombra,7592.172919810001,9.0
Stage 2,Eichenwalde,Mercy,5359.182718339,10.0
Stage 2,Eichenwalde,Pharah,4908.51231555,11.0
Stage 2,Eichenwalde,Wrecking Ball,4209.800302608,12.0
Stage 2,Eichenwalde,Baptiste,2439.1937601449995,13.0
Stage 2,Eichenwalde,Soldier: 76,1882.451720515,14.0
Stage 2,Eichenwalde,Moira,1704.331448051,15.0
Stage 2,Eichenwalde,Widowmaker,1502.7991952660002,16.0
Stage 2,Eichenwalde,Orisa,1419.10842232,17.0
Stage 2,Eichenwalde,Tracer,1124.264595216,18.0
Stage 2,Eichenwalde,Roadhog,1007.3677124999999,19.0
Stage 2,Eichenwalde,McCree,813.687348979,20.0
Stage 2,Eichenwalde,Hanzo,670.6338186950001,21.0
Stage 2,Eichenwalde,Bastion,476.9479342,22.0
Stage 2,Eichenwalde,Doomfist,456.51025980099996,23.0
Stage 2,Eichenwalde,Junkrat,366.9447683,24.0
Stage 2,Eichenwalde,Symmetra,348.47959960000003,25.0
Stage 2,Eichenwalde,Reaper,34.05975711,26.0
Stage 2,Eichenwalde,Ashe,12.64440167,27.0
Stage 2,Eichenwalde,Mei,6.825278460999999,28.0
Stage 2,Hanamura,D.Va,36593.80962634098,1.0
Stage 2,Hanamura,Lúcio,31037.73750434801,2.0
Stage 2,Hanamura,Brigitte,30129.660838614003,3.0
Stage 2,Hanamura,Zarya,28123.518540870005,4.0
Stage 2,Hanamura,Zenyatta,24432.842382390005,5.0
Stage 2,Hanamura,Reinhardt,19204.262340501005,6.0
Stage 2,Hanamura,Ana,14860.652994468,7.0
Stage 2,Hanamura,Winston,13985.548163691003,8.0
Stage 2,Hanamura,Mercy,10497.658248127002,9.0
Stage 2,Hanamura,Pharah,8608.392635256,10.0
Stage 2,Hanamura,Sombra,8054.307429016,11.0
Stage 2,Hanamura,Wrecking Ball,5894.449023697001,12.0
Stage 2,Hanamura,Orisa,5614.410783242,13.0
Stage 2,Hanamura,Baptiste,4961.111971756,14.0
Stage 2,Hanamura,Bastion,3403.9196945450008,15.0
Stage 2,Hanamura,Widowmaker,3249.04925816,16.0
Stage 2,Hanamura,Hanzo,2905.4317726920003,17.0
Stage 2,Hanamura,Tracer,2564.717717253001,18.0
Stage 2,Hanamura,Moira,2090.798325207,19.0
Stage 2,Hanamura,Genji,1782.320940862,20.0
Stage 2,Hanamura,Soldier: 76,1767.568349823,21.0
Stage 2,Hanamura,Mei,1450.3650593520001,22.0
Stage 2,Hanamura,Torbjörn,970.5077448300001,23.0
Stage 2,Hanamura,Roadhog,857.4861697829999,24.0
Stage 2,Hanamura,Doomfist,692.000162025,25.0
Stage 2,Hanamura,Junkrat,587.819210714,26.0
Stage 2,Hanamura,Symmetra,477.91024968,27.0
Stage 2,Hanamura,McCree,327.011330506,28.0
Stage 2,Hanamura,Reaper,118.75578131900001,29.0
Stage 2,Hanamura,Ashe,4.866517365,30.0
Stage 2,Junkertown,D.Va,37744.470445100014,1.0
Stage 2,Junkertown,Lúcio,28686.76696594,2.0
Stage 2,Junkertown,Zarya,26759.549796110005,3.0
Stage 2,Junkertown,Brigitte,24888.033053830004,4.0
Stage 2,Junkertown,Zenyatta,23762.23620508999,5.0
Stage 2,Junkertown,Reinhardt,22810.743886606004,6.0
Stage 2,Junkertown,Mercy,10988.047926735997,7.0
Stage 2,Junkertown,Orisa,10407.797733574997,8.0
Stage 2,Junkertown,Widowmaker,8393.080335760002,9.0
Stage 2,Junkertown,Roadhog,7615.3272799530005,10.0
Stage 2,Junkertown,Ana,6552.969517695999,11.0
Stage 2,Junkertown,Baptiste,6465.649005073,12.0
Stage 2,Junkertown,Sombra,5683.682206046001,13.0
Stage 2,Junkertown,Winston,5635.6260729860005,14.0
Stage 2,Junkertown,Bastion,4618.4715583239995,15.0
Stage 2,Junkertown,Hanzo,4415.941997739002,16.0
Stage 2,Junkertown,Wrecking Ball,2588.167145633001,17.0
Stage 2,Junkertown,Junkrat,1860.0125647199998,18.0
Stage 2,Junkertown,Genji,1601.1230954270002,19.0
Stage 2,Junkertown,Moira,1570.016778296,20.0
Stage 2,Junkertown,Tracer,1526.2578121790002,21.0
Stage 2,Junkertown,Pharah,1064.819186965,22.0
Stage 2,Junkertown,Symmetra,536.26261819,23.0
Stage 2,Junkertown,Mei,260.859591496,24.0
Stage 2,Junkertown,Soldier: 76,210.25493760999996,25.0
Stage 2,Junkertown,Torbjörn,208.312228278,26.0
Stage 2,Junkertown,Doomfist,169.348908835,27.0
Stage 2,Junkertown,McCree,84.665260425,28.0
Stage 2,Junkertown,Ashe,7.789791524,29.0
Stage 2,Junkertown,Reaper,1.948799789,30.0
Stage 2,King's Row,Lúcio,45683.233366784,1.0
Stage 2,King's Row,Zarya,45321.15241506,2.0
Stage 2,King's Row,Reinhardt,43815.429565800005,3.0
Stage 2,King's Row,Brigitte,42969.60116330001,4.0
Stage 2,King's Row,D.Va,41066.384541190004,5.0
Stage 2,King's Row,Zenyatta,39611.44513400001,6.0
Stage 2,King's Row,Ana,9641.684299662998,7.0
Stage 2,King's Row,Sombra,7437.239482072,8.0
Stage 2,King's Row,Mercy,5075.578291654,9.0
Stage 2,King's Row,Baptiste,3975.6931084859993,10.0
Stage 2,King's Row,Wrecking Ball,3775.511043331,11.0
Stage 2,King's Row,Pharah,2946.1908016939997,12.0
Stage 2,King's Row,Widowmaker,2766.0326358499997,13.0
Stage 2,King's Row,Orisa,2261.651531478,14.0
Stage 2,King's Row,Winston,1770.4022867280003,15.0
Stage 2,King's Row,Junkrat,1682.6886235400004,16.0
Stage 2,King's Row,Hanzo,1366.450243221,17.0
Stage 2,King's Row,Doomfist,1048.2651358140001,18.0
Stage 2,King's Row,Genji,1040.453430347,19.0
Stage 2,King's Row,Bastion,988.7846082,20.0
Stage 2,King's Row,Roadhog,929.401857097,21.0
Stage 2,King's Row,Soldier: 76,914.9050425210002,22.0
Stage 2,King's Row,Tracer,582.981785027,23.0
Stage 2,King's Row,Moira,507.12034638,24.0
Stage 2,King's Row,Symmetra,493.326126608,25.0
Stage 2,King's Row,Torbjörn,389.31855557999995,26.0
Stage 2,King's Row,McCree,268.6209692,27.0
Stage 2,King's Row,Mei,36.991474326,28.0
Stage 2,King's Row,Ashe,4.865125954,29.0
Stage 2,Lijiang Tower,Lúcio,32515.190013350006,1.0
Stage 2,Lijiang Tower,Brigitte,30656.210628356002,2.0
Stage 2,Lijiang Tower,D.Va,29465.80836440601,3.0
Stage 2,Lijiang Tower,Zarya,28485.704035206007,4.0
Stage 2,Lijiang Tower,Zenyatta,26465.05897203601,5.0
Stage 2,Lijiang Tower,Reinhardt,23455.323844618004,6.0
Stage 2,Lijiang Tower,Sombra,7500.580146914998,7.0
Stage 2,Lijiang Tower,Winston,7098.523359634999,8.0
Stage 2,Lijiang Tower,Ana,6749.254347852001,9.0
Stage 2,Lijiang Tower,Wrecking Ball,6430.141108934001,10.0
Stage 2,Lijiang Tower,Pharah,5083.90626119,11.0
Stage 2,Lijiang Tower,Mercy,4997.253123875,12.0
Stage 2,Lijiang Tower,Widowmaker,2856.832529451,13.0
Stage 2,Lijiang Tower,Tracer,2500.4956893410003,14.0
Stage 2,Lijiang Tower,Moira,2372.070624492,15.0
Stage 2,Lijiang Tower,Doomfist,890.527728859,16.0
Stage 2,Lijiang Tower,Roadhog,521.7191656599999,17.0
Stage 2,Lijiang Tower,Junkrat,509.10497743,18.0
Stage 2,Lijiang Tower,Soldier: 76,446.733509996,19.0
Stage 2,Lijiang Tower,Mei,419.50856028,20.0
Stage 2,Lijiang Tower,Baptiste,416.589798362,21.0
Stage 2,Lijiang Tower,Orisa,227.753741724,22.0
Stage 2,Lijiang Tower,Bastion,227.74801180000003,23.0
Stage 2,Lijiang Tower,Symmetra,209.26543036200002,24.0
Stage 2,Lijiang Tower,McCree,133.3612908,25.0
Stage 2,Lijiang Tower,Hanzo,1.947481632,26.0
Stage 2,Oasis,Lúcio,30225.599212756002,1.0
Stage 2,Oasis,Brigitte,29348.699265849995,2.0
Stage 2,Oasis,D.Va,29208.463044150005,3.0
Stage 2,Oasis,Zarya,24840.130885399998,4.0
Stage 2,Oasis,Zenyatta,22225.862017158,5.0
Stage 2,Oasis,Reinhardt,15392.476053400002,6.0
Stage 2,Oasis,Winston,15164.057739796,7.0
Stage 2,Oasis,Ana,10388.410176129999,8.0
Stage 2,Oasis,Sombra,10272.684810019004,9.0
Stage 2,Oasis,Mercy,8180.875849140002,10.0
Stage 2,Oasis,Pharah,7357.48691531,11.0
Stage 2,Oasis,Wrecking Ball,7230.932654108001,12.0
Stage 2,Oasis,Moira,5252.155506764,13.0
Stage 2,Oasis,Soldier: 76,4993.057391027,14.0
Stage 2,Oasis,Tracer,3701.5266932920003,15.0
Stage 2,Oasis,McCree,2469.29347836,16.0
Stage 2,Oasis,Doomfist,1004.523938629,17.0
Stage 2,Oasis,Orisa,773.812893213,18.0
Stage 2,Oasis,Widowmaker,560.7741205,19.0
Stage 2,Oasis,Roadhog,469.2090478399999,20.0
Stage 2,Oasis,Baptiste,431.191671977,21.0
Stage 2,Oasis,Bastion,414.65249181999997,22.0
Stage 2,Oasis,Mei,190.7742782,23.0
Stage 2,Oasis,Hanzo,142.1145822,24.0
Stage 2,Oasis,Genji,7.79461962,25.0
Stage 2,Paris,D.Va,27680.06286528299,1.0
Stage 2,Paris,Lúcio,24635.320450939,2.0
Stage 2,Paris,Brigitte,22489.325123298004,3.0
Stage 2,Paris,Zarya,20809.4948326,4.0
Stage 2,Paris,Zenyatta,16477.45603333,5.0
Stage 2,Paris,Reinhardt,13253.652397120002,6.0
Stage 2,Paris,Ana,13108.099226610999,7.0
Stage 2,Paris,Winston,12166.189555790996,8.0
Stage 2,Paris,Sombra,11440.969479114998,9.0
Stage 2,Paris,Mercy,7359.322235343001,10.0
Stage 2,Paris,Orisa,6958.21301875,11.0
Stage 2,Paris,Baptiste,6007.153576456,12.0
Stage 2,Paris,Wrecking Ball,4422.735752889999,13.0
Stage 2,Paris,Pharah,4416.903774961,14.0
Stage 2,Paris,Bastion,3798.8356997359992,15.0
Stage 2,Paris,Widowmaker,2966.6655185599993,16.0
Stage 2,Paris,Junkrat,2539.2695252500002,17.0
Stage 2,Paris,Hanzo,2308.683167351,18.0
Stage 2,Paris,Roadhog,2127.787111658,19.0
Stage 2,Paris,Genji,1646.819788943,20.0
Stage 2,Paris,Tracer,1375.284672398,21.0
Stage 2,Paris,Moira,1331.461095602,22.0
Stage 2,Paris,Torbjörn,699.79893659,23.0
Stage 2,Paris,Soldier: 76,461.282627356,24.0
Stage 2,Paris,McCree,449.672541836,25.0
Stage 2,Paris,Symmetra,157.68305868000002,26.0
Stage 2,Paris,Doomfist,146.983620168,27.0
Stage 2,Paris,Reaper,109.97874743,28.0
Stage 2,Paris,Mei,44.762528476,29.0
Stage 2,Paris,Ashe,12.6580258,30.0
Stage 2,Rialto,Zarya,37691.391294379995,1.0
Stage 2,Rialto,Lúcio,37602.98694414299,2.0
Stage 2,Rialto,D.Va,35797.3603669,3.0
Stage 2,Rialto,Brigitte,35548.989525828,4.0
Stage 2,Rialto,Reinhardt,34413.11205993,5.0
Stage 2,Rialto,Zenyatta,33993.60318261998,6.0
Stage 2,Rialto,Ana,5996.860906193,7.0
Stage 2,Rialto,Sombra,5180.126110929001,8.0
Stage 2,Rialto,Mercy,3917.549454845,9.0
Stage 2,Rialto,Winston,3503.066633568001,10.0
Stage 2,Rialto,Pharah,2939.404143377,11.0
Stage 2,Rialto,Wrecking Ball,2700.0839069010003,12.0
Stage 2,Rialto,Moira,1742.235863247,13.0
Stage 2,Rialto,Widowmaker,1442.54589358,14.0
Stage 2,Rialto,Baptiste,1426.0208556310001,15.0
Stage 2,Rialto,Hanzo,1371.49395561,16.0
Stage 2,Rialto,Orisa,1059.044457569,17.0
Stage 2,Rialto,Doomfist,794.239237275,18.0
Stage 2,Rialto,Roadhog,744.607408774,19.0
Stage 2,Rialto,Bastion,680.37351895,20.0
Stage 2,Rialto,Soldier: 76,420.39330483,21.0
Stage 2,Rialto,Tracer,238.450145765,22.0
Stage 2,Rialto,Genji,212.193623286,23.0
Stage 2,Rialto,Mei,17.516901554,24.0
Stage 2,Rialto,Reaper,4.867129922,25.0
Stage 2,Temple of Anubis,D.Va,37336.22986310399,1.0
Stage 2,Temple of Anubis,Lúcio,32500.58349378,2.0
Stage 2,Temple of Anubis,Brigitte,28851.468440512006,3.0
Stage 2,Temple of Anubis,Zarya,28735.605057821005,4.0
Stage 2,Temple of Anubis,Zenyatta,28145.254945682005,5.0
Stage 2,Temple of Anubis,Reinhardt,20566.70933127,6.0
Stage 2,Temple of Anubis,Winston,13611.806262922999,7.0
Stage 2,Temple of Anubis,Ana,13249.599735312999,8.0
Stage 2,Temple of Anubis,Mercy,10177.44218822,9.0
Stage 2,Temple of Anubis,Sombra,7680.691980128,10.0
Stage 2,Temple of Anubis,Widowmaker,6459.080713133001,11.0
Stage 2,Temple of Anubis,Wrecking Ball,6264.649519265,12.0
Stage 2,Temple of Anubis,Junkrat,4824.7559115,13.0
Stage 2,Temple of Anubis,Orisa,4388.8606121699995,14.0
Stage 2,Temple of Anubis,Baptiste,3986.90849811,15.0
Stage 2,Temple of Anubis,Genji,3265.483502659,16.0
Stage 2,Temple of Anubis,Pharah,2973.7655909920004,17.0
Stage 2,Temple of Anubis,Tracer,2505.417979677,18.0
Stage 2,Temple of Anubis,Mei,1602.1967494280002,19.0
Stage 2,Temple of Anubis,Hanzo,1508.8584790969996,20.0
Stage 2,Temple of Anubis,Bastion,1258.66570567,21.0
Stage 2,Temple of Anubis,Moira,942.186715951,22.0
Stage 2,Temple of Anubis,Roadhog,631.6896577069999,23.0
Stage 2,Temple of Anubis,Torbjörn,396.1239972959999,24.0
Stage 2,Temple of Anubis,Doomfist,350.431712845,25.0
Stage 2,Temple of Anubis,Ashe,258.9427866,26.0
Stage 2,Temple of Anubis,McCree,193.633759616,27.0
Stage 2,Temple of Anubis,Soldier: 76,167.38946837199998,28.0
Stage 2,Temple of Anubis,Symmetra,62.310510869,29.0
Stage 2,Temple of Anubis,Reaper,27.259226321,30.0
Stage 2,Watchpoint: Gibraltar,Lúcio,36613.635138900005,1.0
Stage 2,Watchpoint: Gibraltar,D.Va,36598.203495237,2.0
Stage 2,Watchpoint: Gibraltar,Zarya,35356.0225212,3.0
Stage 2,Watchpoint: Gibraltar,Brigitte,34540.559602429996,4.0
Stage 2,Watchpoint: Gibraltar,Zenyatta,33208.09233875,5.0
Stage 2,Watchpoint: Gibraltar,Reinhardt,20061.212444003002,6.0
Stage 2,Watchpoint: Gibraltar,Winston,16721.78365753,7.0
Stage 2,Watchpoint: Gibraltar,Ana,6077.388262996999,8.0
Stage 2,Watchpoint: Gibraltar,Sombra,3594.3448780569997,9.0
Stage 2,Watchpoint: Gibraltar,Mercy,2075.1643705389997,10.0
Stage 2,Watchpoint: Gibraltar,Wrecking Ball,2035.1510914219996,11.0
Stage 2,Watchpoint: Gibraltar,Baptiste,1815.283095645,12.0
Stage 2,Watchpoint: Gibraltar,Widowmaker,1522.3027926010002,13.0
Stage 2,Watchpoint: Gibraltar,Hanzo,1216.625710919,14.0
Stage 2,Watchpoint: Gibraltar,Orisa,1139.9393875870003,15.0
Stage 2,Watchpoint: Gibraltar,Moira,1015.19503397,16.0
Stage 2,Watchpoint: Gibraltar,Bastion,956.898373235,17.0
Stage 2,Watchpoint: Gibraltar,Tracer,727.1473645350001,18.0
Stage 2,Watchpoint: Gibraltar,Roadhog,602.5884726380001,19.0
Stage 2,Watchpoint: Gibraltar,Soldier: 76,538.1784127220001,20.0
Stage 2,Watchpoint: Gibraltar,Genji,439.9869894170001,21.0
Stage 2,Watchpoint: Gibraltar,Doomfist,408.857552501,22.0
Stage 2,Watchpoint: Gibraltar,Mei,225.76638328499996,23.0
Stage 2,Watchpoint: Gibraltar,Torbjörn,212.2398583,24.0
Stage 2,Watchpoint: Gibraltar,Junkrat,187.88656357000002,25.0
Stage 2,Watchpoint: Gibraltar,Symmetra,56.43377405000001,26.0
Stage 2,Watchpoint: Gibraltar,Pharah,32.123793065,27.0
Stage 3,Dorado,Lúcio,28190.026929294996,1.0
Stage 3,Dorado,Ana,26555.299125900012,2.0
Stage 3,Dorado,Brigitte,26174.566323829997,3.0
Stage 3,Dorado,Sombra,25127.443808535998,4.0
Stage 3,Dorado,Zarya,22636.129023980004,5.0
Stage 3,Dorado,Reinhardt,22129.131094863005,6.0
Stage 3,Dorado,D.Va,20877.410452260003,7.0
Stage 3,Dorado,Mercy,16480.219843990002,8.0
Stage 3,Dorado,Zenyatta,14188.754303212,9.0
Stage 3,Dorado,Widowmaker,13639.136072409003,10.0
Stage 3,Dorado,Pharah,11756.779265770003,11.0
Stage 3,Dorado,Orisa,9631.828297297001,12.0
Stage 3,Dorado,Wrecking Ball,7547.128621879,13.0
Stage 3,Dorado,Hanzo,5827.911195944001,14.0
Stage 3,Dorado,Winston,5571.4401290079995,15.0
Stage 3,Dorado,Roadhog,4047.902962744999,16.0
Stage 3,Dorado,Moira,2298.9498389789997,17.0
Stage 3,Dorado,Tracer,1990.4574164709998,18.0
Stage 3,Dorado,Doomfist,1099.8705237939998,19.0
Stage 3,Dorado,Baptiste,1029.6359454830001,20.0
Stage 3,Dorado,Ashe,342.5787961,21.0
Stage 3,Dorado,Genji,320.2301261,22.0
Stage 3,Dorado,Soldier: 76,246.18781696300002,23.0
Stage 3,Dorado,Junkrat,207.34574840000002,24.0
Stage 3,Dorado,Mei,113.906357519,25.0
Stage 3,Dorado,Bastion,16.54452503,26.0
Stage 3,Dorado,McCree,15.56687284,27.0
Stage 3,Dorado,Symmetra,3.893320739,28.0
Stage 3,Dorado,Torbjörn,1.948117316,29.0
Stage 3,Eichenwalde,Lúcio,33756.6303446,1.0
Stage 3,Eichenwalde,Brigitte,32553.617323474005,2.0
Stage 3,Eichenwalde,Reinhardt,30932.07283712,3.0
Stage 3,Eichenwalde,Zarya,30762.486167458,4.0
Stage 3,Eichenwalde,D.Va,26243.256246905003,5.0
Stage 3,Eichenwalde,Ana,22165.334507569998,6.0
Stage 3,Eichenwalde,Zenyatta,21252.407997260005,7.0
Stage 3,Eichenwalde,Sombra,20902.291157665997,8.0
Stage 3,Eichenwalde,Mercy,12551.941610683,9.0
Stage 3,Eichenwalde,Pharah,9953.92090276,10.0
Stage 3,Eichenwalde,Wrecking Ball,7706.824132339001,11.0
Stage 3,Eichenwalde,Orisa,4444.183738490001,12.0
Stage 3,Eichenwalde,Widowmaker,4213.541222107,13.0
Stage 3,Eichenwalde,Roadhog,4173.49962712,14.0
Stage 3,Eichenwalde,Winston,3250.765145904,15.0
Stage 3,Eichenwalde,Tracer,3035.8150670720006,16.0
Stage 3,Eichenwalde,Hanzo,2605.7213517989994,17.0
Stage 3,Eichenwalde,Baptiste,1789.185162466,18.0
Stage 3,Eichenwalde,Moira,1230.2429081619998,19.0
Stage 3,Eichenwalde,Doomfist,1121.206839301,20.0
Stage 3,Eichenwalde,McCree,900.3878912140001,21.0
Stage 3,Eichenwalde,Soldier: 76,763.213358911,22.0
Stage 3,Eichenwalde,Junkrat,700.832229924,23.0
Stage 3,Eichenwalde,Genji,365.02857092,24.0
Stage 3,Eichenwalde,Mei,318.345037664,25.0
Stage 3,Eichenwalde,Reaper,166.441874386,26.0
Stage 3,Eichenwalde,Ashe,7.785597086000001,27.0
Stage 3,Eichenwalde,Torbjörn,7.782477319,28.0
Stage 3,Eichenwalde,Symmetra,2.9236089589999996,29.0
Stage 3,Eichenwalde,Bastion,2.921636403,30.0
Stage 3,Havana,Lúcio,35820.61154565001,1.0
Stage 3,Havana,Zarya,35533.407028629,2.0
Stage 3,Havana,Reinhardt,34729.47399314,3.0
Stage 3,Havana,Brigitte,32036.385418269994,4.0
Stage 3,Havana,Zenyatta,27319.615929189997,5.0
Stage 3,Havana,D.Va,23136.15730282,6.0
Stage 3,Havana,Sombra,17581.271215589004,7.0
Stage 3,Havana,Ana,12581.178181023997,8.0
Stage 3,Havana,Orisa,5409.554723460999,9.0
Stage 3,Havana,Mercy,5384.42989401,10.0
Stage 3,Havana,Widowmaker,4820.714047568001,11.0
Stage 3,Havana,Baptiste,4782.659348320001,12.0
Stage 3,Havana,Roadhog,3606.080700558,13.0
Stage 3,Havana,Pharah,3001.859372311,14.0
Stage 3,Havana,Hanzo,2684.4224179149996,15.0
Stage 3,Havana,Winston,1417.173860485,16.0
Stage 3,Havana,Bastion,1365.4676837700001,17.0
Stage 3,Havana,Wrecking Ball,1306.270735123,18.0
Stage 3,Havana,Mei,831.1765574000001,19.0
Stage 3,Havana,Moira,803.030588967,20.0
Stage 3,Havana,Tracer,530.485882821,21.0
Stage 3,Havana,Torbjörn,319.221309225,22.0
Stage 3,Havana,Symmetra,206.28946348,23.0
Stage 3,Havana,Genji,190.78852637000003,24.0
Stage 3,Havana,Doomfist,174.228118096,25.0
Stage 3,Havana,Junkrat,125.51508249999999,26.0
Stage 3,Havana,Reaper,98.27596736,27.0
Stage 3,Havana,McCree,37.96077931,28.0
Stage 3,Havana,Soldier: 76,3.899781883,29.0
Stage 3,Hollywood,Lúcio,29677.060502912,1.0
Stage 3,Hollywood,Brigitte,29441.456838529997,2.0
Stage 3,Hollywood,Zarya,26320.99085135999,3.0
Stage 3,Hollywood,Reinhardt,23629.620470015012,4.0
Stage 3,Hollywood,D.Va,23553.522022917008,5.0
Stage 3,Hollywood,Zenyatta,22635.033574260004,6.0
Stage 3,Hollywood,Sombra,16838.99891174,7.0
Stage 3,Hollywood,Ana,14446.226255193,8.0
Stage 3,Hollywood,Mercy,8696.85373622,9.0
Stage 3,Hollywood,Winston,6755.9909179900005,10.0
Stage 3,Hollywood,Pharah,4998.978468894999,11.0
Stage 3,Hollywood,Orisa,4998.296586609,12.0
Stage 3,Hollywood,Hanzo,4740.074679560999,13.0
Stage 3,Hollywood,Widowmaker,3262.715245893,14.0
Stage 3,Hollywood,Wrecking Ball,3196.3589072570003,15.0
Stage 3,Hollywood,Roadhog,2037.321125143,16.0
Stage 3,Hollywood,Junkrat,1433.8688834,17.0
Stage 3,Hollywood,Doomfist,1012.324056959,18.0
Stage 3,Hollywood,Ashe,890.67368266,19.0
Stage 3,Hollywood,Tracer,597.6454255880002,20.0
Stage 3,Hollywood,Moira,470.119145,21.0
Stage 3,Hollywood,McCree,411.76134682199995,22.0
Stage 3,Hollywood,Genji,244.30162918800002,23.0
Stage 3,Hollywood,Mei,225.85157909999998,24.0
Stage 3,Hollywood,Baptiste,83.718611839,25.0
Stage 3,Hollywood,Bastion,36.982726516999996,26.0
Stage 3,Hollywood,Soldier: 76,21.425179008,27.0
Stage 3,Hollywood,Reaper,13.62660646,28.0
Stage 3,Hollywood,Torbjörn,9.734593153,29.0
Stage 3,Hollywood,Symmetra,5.844275355,30.0
Stage 3,Horizon Lunar Colony,Lúcio,27574.279591550003,1.0
Stage 3,Horizon Lunar Colony,Zarya,25300.498515799998,2.0
Stage 3,Horizon Lunar Colony,Brigitte,24999.94975558001,3.0
Stage 3,Horizon Lunar Colony,Reinhardt,23911.624197920006,4.0
Stage 3,Horizon Lunar Colony,D.Va,23160.879332020002,5.0
Stage 3,Horizon Lunar Colony,Zenyatta,20316.78437892,6.0
Stage 3,Horizon Lunar Colony,Sombra,18934.297300702998,7.0
Stage 3,Horizon Lunar Colony,Ana,16367.762745719998,8.0
Stage 3,Horizon Lunar Colony,Mercy,11072.377566018999,9.0
Stage 3,Horizon Lunar Colony,Orisa,8587.26987926,10.0
Stage 3,Horizon Lunar Colony,Widowmaker,8358.787090502,11.0
Stage 3,Horizon Lunar Colony,Wrecking Ball,5650.374878746999,12.0
Stage 3,Horizon Lunar Colony,Pharah,5301.824790875001,13.0
Stage 3,Horizon Lunar Colony,Hanzo,4315.4731864,14.0
Stage 3,Horizon Lunar Colony,Winston,3625.583597988,15.0
Stage 3,Horizon Lunar Colony,Baptiste,3594.4336383719997,16.0
Stage 3,Horizon Lunar Colony,Roadhog,2413.6557377990002,17.0
Stage 3,Horizon Lunar Colony,Junkrat,2263.88826083,18.0
Stage 3,Horizon Lunar Colony,Moira,1551.41360928,19.0
Stage 3,Horizon Lunar Colony,Bastion,1520.3946767759999,20.0
Stage 3,Horizon Lunar Colony,Tracer,1288.6764582750002,21.0
Stage 3,Horizon Lunar Colony,Genji,1033.662306793,22.0
Stage 3,Horizon Lunar Colony,Doomfist,861.395974583,23.0
Stage 3,Horizon Lunar Colony,Torbjörn,787.29705795,24.0
Stage 3,Horizon Lunar Colony,Soldier: 76,665.814238505,25.0
Stage 3,Horizon Lunar Colony,Ashe,461.34527749700004,26.0
Stage 3,Horizon Lunar Colony,Reaper,242.36742747400004,27.0
Stage 3,Horizon Lunar Colony,Mei,96.359439783,28.0
Stage 3,Horizon Lunar Colony,McCree,76.89951378100001,29.0
Stage 3,Horizon Lunar Colony,Symmetra,24.330915508,30.0
Stage 3,Ilios,Lúcio,31028.035879421,1.0
Stage 3,Ilios,Brigitte,29760.907721649994,2.0
Stage 3,Ilios,D.Va,26183.9460268,3.0
Stage 3,Ilios,Zarya,24956.26777099999,4.0
Stage 3,Ilios,Zenyatta,21328.720016359995,5.0
Stage 3,Ilios,Reinhardt,18547.816287589994,6.0
Stage 3,Ilios,Sombra,16546.724715027,7.0
Stage 3,Ilios,Ana,14359.310350043997,8.0
Stage 3,Ilios,Winston,9002.475511514,9.0
Stage 3,Ilios,Wrecking Ball,8494.276834426999,10.0
Stage 3,Ilios,Mercy,8244.114760685,11.0
Stage 3,Ilios,Pharah,8019.22804336,12.0
Stage 3,Ilios,Widowmaker,4755.436427545,13.0
Stage 3,Ilios,Orisa,3412.54880769,14.0
Stage 3,Ilios,Moira,2823.8722648800003,15.0
Stage 3,Ilios,Doomfist,1583.5989215330003,16.0
Stage 3,Ilios,Tracer,1542.7376244750008,17.0
Stage 3,Ilios,Roadhog,861.39638667,18.0
Stage 3,Ilios,McCree,744.6047034,19.0
Stage 3,Ilios,Hanzo,738.72898971,20.0
Stage 3,Ilios,Bastion,484.6870861,21.0
Stage 3,Ilios,Baptiste,327.082220255,22.0
Stage 3,Ilios,Mei,183.04257130000002,23.0
Stage 3,Ilios,Torbjörn,170.37835918,24.0
Stage 3,Ilios,Soldier: 76,54.511711953,25.0
Stage 3,Ilios,Reaper,44.77186859,26.0
Stage 3,Ilios,Genji,8.755290449,27.0
Stage 3,Nepal,Lúcio,24898.410618695012,1.0
Stage 3,Nepal,Brigitte,22481.613967810004,2.0
Stage 3,Nepal,D.Va,21436.05592915,3.0
Stage 3,Nepal,Zarya,21093.66396382801,4.0
Stage 3,Nepal,Zenyatta,18618.36364957001,5.0
Stage 3,Nepal,Reinhardt,12556.621459707001,6.0
Stage 3,Nepal,Ana,12311.457823750003,7.0
Stage 3,Nepal,Sombra,11950.30900318,8.0
Stage 3,Nepal,Winston,10646.136864025,9.0
Stage 3,Nepal,Mercy,7513.778911799999,10.0
Stage 3,Nepal,Wrecking Ball,6723.577138160998,11.0
Stage 3,Nepal,Pharah,6647.418649309999,12.0
Stage 3,Nepal,Widowmaker,3643.088461426,13.0
Stage 3,Nepal,Orisa,2468.3039958099994,14.0
Stage 3,Nepal,Tracer,2315.4438916970003,15.0
Stage 3,Nepal,Roadhog,2313.59747038,16.0
Stage 3,Nepal,Mei,2162.8269360500003,17.0
Stage 3,Nepal,Hanzo,1596.22308328,18.0
Stage 3,Nepal,Moira,1007.4193079040001,19.0
Stage 3,Nepal,Doomfist,854.6330502180001,20.0
Stage 3,Nepal,Junkrat,491.50549314,21.0
Stage 3,Nepal,McCree,327.04533932000004,22.0
Stage 3,Nepal,Soldier: 76,312.454420542,23.0
Stage 3,Nepal,Torbjörn,238.466571308,24.0
Stage 3,Nepal,Bastion,134.2424497,25.0
Stage 3,Nepal,Ashe,94.43184429,26.0
Stage 3,Nepal,Baptiste,67.1597333,27.0
Stage 3,Nepal,Genji,24.33844471,28.0
Stage 3,Numbani,Lúcio,32552.139889503993,1.0
Stage 3,Numbani,Brigitte,29346.58618082801,2.0
Stage 3,Numbani,Zarya,28179.877422825997,3.0
Stage 3,Numbani,Reinhardt,25610.205777995,4.0
Stage 3,Numbani,D.Va,23462.78310663,5.0
Stage 3,Numbani,Sombra,21711.417482834993,6.0
Stage 3,Numbani,Zenyatta,20293.952715862008,7.0
Stage 3,Numbani,Ana,19158.004232601998,8.0
Stage 3,Numbani,Mercy,8635.340072223002,9.0
Stage 3,Numbani,Wrecking Ball,7968.88097516,10.0
Stage 3,Numbani,Pharah,7785.715698878,11.0
Stage 3,Numbani,Winston,6704.163599422,12.0
Stage 3,Numbani,Widowmaker,2763.2017588890003,13.0
Stage 3,Numbani,Doomfist,2467.497380451,14.0
Stage 3,Numbani,Tracer,2372.1366621080006,15.0
Stage 3,Numbani,Baptiste,2281.651271301,16.0
Stage 3,Numbani,Orisa,2096.4197696809997,17.0
Stage 3,Numbani,Hanzo,1993.2775981240002,18.0
Stage 3,Numbani,Roadhog,1551.4443278620001,19.0
Stage 3,Numbani,Moira,1266.3386327859998,20.0
Stage 3,Numbani,Soldier: 76,1044.4024818870002,21.0
Stage 3,Numbani,Bastion,568.37274648,22.0
Stage 3,Numbani,Junkrat,201.494831259,23.0
Stage 3,Numbani,McCree,180.10345860600003,24.0
Stage 3,Numbani,Genji,76.878742329,25.0
Stage 3,Numbani,Reaper,63.26108813,26.0
Stage 3,Numbani,Mei,11.67308688,27.0
Stage 3,Numbani,Symmetra,6.817808628,28.0
Stage 3,Oasis,Lúcio,29937.14047965,1.0
Stage 3,Oasis,Brigitte,29578.831360430006,2.0
Stage 3,Oasis,Zarya,25029.448875219994,3.0
Stage 3,Oasis,D.Va,24507.89296259,4.0
Stage 3,Oasis,Reinhardt,23302.99656357,5.0
Stage 3,Oasis,Zenyatta,19350.23227789,6.0
Stage 3,Oasis,Sombra,16672.405823347,7.0
Stage 3,Oasis,Ana,15979.917808740003,8.0
Stage 3,Oasis,Mercy,8898.17424123,9.0
Stage 3,Oasis,Pharah,8229.594810679,10.0
Stage 3,Oasis,Wrecking Ball,7095.658498448999,11.0
Stage 3,Oasis,Winston,6094.910251250001,12.0
Stage 3,Oasis,Moira,3572.3252993199994,13.0
Stage 3,Oasis,Roadhog,2826.665765114,14.0
Stage 3,Oasis,Orisa,2443.9680551499996,15.0
Stage 3,Oasis,Widowmaker,2364.007059841,16.0
Stage 3,Oasis,Doomfist,2093.6404618169995,17.0
Stage 3,Oasis,Soldier: 76,1633.278102724,18.0
Stage 3,Oasis,Tracer,1546.6738246450002,19.0
Stage 3,Oasis,Hanzo,880.793576403,20.0
Stage 3,Oasis,McCree,361.07867455200005,21.0
Stage 3,Oasis,Mei,278.40728412,22.0
Stage 3,Oasis,Baptiste,157.69527539999999,23.0
Stage 3,Oasis,Reaper,61.34812045,24.0
Stage 3,Oasis,Genji,53.510109066,25.0
Stage 3,Oasis,Torbjörn,4.869816124,26.0
Stage 3,Oasis,Symmetra,2.919083297,27.0
Stage 3,Oasis,Bastion,0.975188732,28.0
Stage 3,Paris,Lúcio,25580.610691939004,1.0
Stage 3,Paris,D.Va,22517.773863984,2.0
Stage 3,Paris,Zarya,22060.864700889993,3.0
Stage 3,Paris,Brigitte,21299.69963172,4.0
Stage 3,Paris,Ana,20864.519088435,5.0
Stage 3,Paris,Sombra,20250.148008582,6.0
Stage 3,Paris,Reinhardt,16371.809653330001,7.0
Stage 3,Paris,Zenyatta,15653.420073047004,8.0
Stage 3,Paris,Mercy,10552.856444734,9.0
Stage 3,Paris,Orisa,10003.862369159,10.0
Stage 3,Paris,Winston,9096.857598039,11.0
Stage 3,Paris,Widowmaker,6976.559989846,12.0
Stage 3,Paris,Pharah,6451.277675759,13.0
Stage 3,Paris,Wrecking Ball,5065.216345258998,14.0
Stage 3,Paris,Baptiste,4958.1307050159985,15.0
Stage 3,Paris,Hanzo,4331.275884519,16.0
Stage 3,Paris,Junkrat,3395.96296684,17.0
Stage 3,Paris,Bastion,3147.70111104,18.0
Stage 3,Paris,Roadhog,2577.26570941,19.0
Stage 3,Paris,Tracer,1992.3911511740005,20.0
Stage 3,Paris,Genji,1169.9367889500002,21.0
Stage 3,Paris,Doomfist,1044.430086915,22.0
Stage 3,Paris,Soldier: 76,844.970795508,23.0
Stage 3,Paris,Moira,840.0007078049999,24.0
Stage 3,Paris,Mei,665.689477694,25.0
Stage 3,Paris,Torbjörn,619.98555914,26.0
Stage 3,Paris,McCree,257.97244352100006,27.0
Stage 3,Paris,Symmetra,238.5057287,28.0
Stage 3,Paris,Ashe,12.655563891,29.0
Stage 3,Paris,Reaper,3.897101283,30.0
Stage 3,Volskaya Industries,Lúcio,31645.779625848994,1.0
Stage 3,Volskaya Industries,Brigitte,28649.094404559997,2.0
Stage 3,Volskaya Industries,Sombra,27040.12903136799,3.0
Stage 3,Volskaya Industries,Ana,25128.631917896,4.0
Stage 3,Volskaya Industries,Zarya,23387.99859160499,5.0
Stage 3,Volskaya Industries,D.Va,23179.034528536995,6.0
Stage 3,Volskaya Industries,Reinhardt,20186.596954603,7.0
Stage 3,Volskaya Industries,Zenyatta,17733.979469632995,8.0
Stage 3,Volskaya Industries,Mercy,14567.959945646002,9.0
Stage 3,Volskaya Industries,Wrecking Ball,12234.753123926996,10.0
Stage 3,Volskaya Industries,Widowmaker,10879.873574850999,11.0
Stage 3,Volskaya Industries,Winston,9268.177706958002,12.0
Stage 3,Volskaya Industries,Pharah,8757.085033088999,13.0
Stage 3,Volskaya Industries,Hanzo,4876.420987073,14.0
Stage 3,Volskaya Industries,Orisa,4784.091525112,15.0
Stage 3,Volskaya Industries,Roadhog,3103.8839464320004,16.0
Stage 3,Volskaya Industries,Tracer,3023.24262987,17.0
Stage 3,Volskaya Industries,Moira,2562.711139301,18.0
Stage 3,Volskaya Industries,Baptiste,2026.3965744619998,19.0
Stage 3,Volskaya Industries,Genji,1096.047463083,20.0
Stage 3,Volskaya Industries,Doomfist,925.654335037,21.0
Stage 3,Volskaya Industries,McCree,648.23496097,22.0
Stage 3,Volskaya Industries,Soldier: 76,432.101271238,23.0
Stage 3,Volskaya Industries,Mei,392.25888045,24.0
Stage 3,Volskaya Industries,Reaper,356.239316086,25.0
Stage 3,Volskaya Industries,Torbjörn,271.57883806999996,26.0
Stage 3,Volskaya Industries,Bastion,73.95808922799999,27.0
Stage 3,Volskaya Industries,Symmetra,32.111094182,28.0
Stage 3,Volskaya Industries,Junkrat,15.57493609,29.0
Stage 3,Volskaya Industries,Ashe,8.752821147999999,30.0
Stage 3,Watchpoint: Gibraltar,Lúcio,30394.859741763004,1.0
Stage 3,Watchpoint: Gibraltar,Brigitte,30091.24329253999,2.0
Stage 3,Watchpoint: Gibraltar,Zarya,28586.3131645,3.0
Stage 3,Watchpoint: Gibraltar,Reinhardt,24772.78392821,4.0
Stage 3,Watchpoint: Gibraltar,D.Va,23914.454966970006,5.0
Stage 3,Watchpoint: Gibraltar,Zenyatta,23470.884404593,6.0
Stage 3,Watchpoint: Gibraltar,Sombra,13116.775810398,7.0
Stage 3,Watchpoint: Gibraltar,Ana,12835.12494541,8.0
Stage 3,Watchpoint: Gibraltar,Winston,6297.526624943,9.0
Stage 3,Watchpoint: Gibraltar,Widowmaker,6005.559891677,10.0
Stage 3,Watchpoint: Gibraltar,Mercy,5850.8322146499995,11.0
Stage 3,Watchpoint: Gibraltar,Hanzo,3289.9380565939996,12.0
Stage 3,Watchpoint: Gibraltar,Wrecking Ball,3005.599717016,13.0
Stage 3,Watchpoint: Gibraltar,Orisa,2746.8632011739996,14.0
Stage 3,Watchpoint: Gibraltar,Doomfist,1565.1361897040001,15.0
Stage 3,Watchpoint: Gibraltar,Pharah,1457.1093890500001,16.0
Stage 3,Watchpoint: Gibraltar,Junkrat,646.2078319999999,17.0
Stage 3,Watchpoint: Gibraltar,Baptiste,478.806506905,18.0
Stage 3,Watchpoint: Gibraltar,Genji,386.400748474,19.0
Stage 3,Watchpoint: Gibraltar,Roadhog,328.99595654200004,20.0
Stage 3,Watchpoint: Gibraltar,Moira,286.153758533,21.0
Stage 3,Watchpoint: Gibraltar,Bastion,250.09507253,22.0
Stage 3,Watchpoint: Gibraltar,Mei,151.78080344600002,23.0
Stage 3,Watchpoint: Gibraltar,Reaper,127.467159132,24.0
Stage 3,Watchpoint: Gibraltar,Tracer,114.83501738600002,25.0
Stage 3,Watchpoint: Gibraltar,Symmetra,22.379162014000002,26.0
Stage 3,Watchpoint: Gibraltar,Soldier: 76,0.9732058640000001,27.0
Stage 4,Blizzard World,Orisa,37030.519657599994,1.0
Stage 4,Blizzard World,Mei,32668.231852399993,2.0
Stage 4,Blizzard World,Roadhog,27666.370989670002,3.0
Stage 4,Blizzard World,Hanzo,26850.495746366,4.0
Stage 4,Blizzard World,Baptiste,24388.672899310004,5.0
Stage 4,Blizzard World,Zenyatta,18585.978012190008,6.0
Stage 4,Blizzard World,Ana,17259.969106880002,7.0
Stage 4,Blizzard World,D.Va,11826.812798188002,8.0
Stage 4,Blizzard World,Mercy,8596.901073856,9.0
Stage 4,Blizzard World,Widowmaker,8412.588620382001,10.0
Stage 4,Blizzard World,Lúcio,6298.294051719,11.0
Stage 4,Blizzard World,Reaper,3869.962257431,12.0
Stage 4,Blizzard World,Moira,3739.6618690430005,13.0
Stage 4,Blizzard World,Wrecking Ball,2464.538494973998,14.0
Stage 4,Blizzard World,McCree,1752.8152891409998,15.0
Stage 4,Blizzard World,Doomfist,1291.628963243,16.0
Stage 4,Blizzard World,Sombra,1278.951682208,17.0
Stage 4,Blizzard World,Pharah,1128.0938026810002,18.0
Stage 4,Blizzard World,Genji,1034.7282283,19.0
Stage 4,Blizzard World,Tracer,548.924720617,20.0
Stage 4,Blizzard World,Brigitte,340.6772578,21.0
Stage 4,Blizzard World,Torbjörn,309.51361742999995,22.0
Stage 4,Blizzard World,Winston,150.87203735000003,23.0
Stage 4,Blizzard World,Reinhardt,55.47921866,24.0
Stage 4,Blizzard World,Symmetra,41.846692682000004,25.0
Stage 4,Blizzard World,Soldier: 76,22.37279773,26.0
Stage 4,Blizzard World,Zarya,15.561074436,27.0
Stage 4,Busan,D.Va,27921.948817399007,1.0
Stage 4,Busan,Lúcio,27230.752183785993,2.0
Stage 4,Busan,Mei,24743.49718524,3.0
Stage 4,Busan,Orisa,24317.075183200002,4.0
Stage 4,Busan,Moira,21469.293696260003,5.0
Stage 4,Busan,Reaper,17938.058082162002,6.0
Stage 4,Busan,Ana,12619.54063164,7.0
Stage 4,Busan,Sombra,9041.428744724999,8.0
Stage 4,Busan,Roadhog,7486.8479527730005,9.0
Stage 4,Busan,Widowmaker,7475.32822501,10.0
Stage 4,Busan,Wrecking Ball,7167.862804362002,11.0
Stage 4,Busan,Tracer,4577.669581055,12.0
Stage 4,Busan,Baptiste,4335.34224667,13.0
Stage 4,Busan,Winston,3809.90394377,14.0
Stage 4,Busan,McCree,3726.904687901,15.0
Stage 4,Busan,Mercy,2717.46284112,16.0
Stage 4,Busan,Brigitte,2355.535516533,17.0
Stage 4,Busan,Hanzo,2220.44048922,18.0
Stage 4,Busan,Zenyatta,2211.42756257,19.0
Stage 4,Busan,Doomfist,1634.3772410330002,20.0
Stage 4,Busan,Reinhardt,1299.396551569,21.0
Stage 4,Busan,Pharah,1122.2457789,22.0
Stage 4,Busan,Zarya,936.3194258,23.0
Stage 4,Busan,Symmetra,268.63174578999997,24.0
Stage 4,Busan,Junkrat,115.7868295,25.0
Stage 4,Busan,Ashe,55.51296723,26.0
Stage 4,Busan,Genji,16.555888,27.0
Stage 4,Busan,Torbjörn,2.9172331089999997,28.0
Stage 4,Hanamura,Orisa,28105.232240690006,1.0
Stage 4,Hanamura,D.Va,24103.213240393008,2.0
Stage 4,Hanamura,Mei,23125.567013296004,3.0
Stage 4,Hanamura,Ana,21518.712998417996,4.0
Stage 4,Hanamura,Lúcio,14085.019046683998,5.0
Stage 4,Hanamura,Baptiste,11319.426160291001,6.0
Stage 4,Hanamura,Roadhog,11263.658460428,7.0
Stage 4,Hanamura,Mercy,9666.471987259996,8.0
Stage 4,Hanamura,Moira,9577.082136525003,9.0
Stage 4,Hanamura,Reaper,9342.544277943,10.0
Stage 4,Hanamura,Hanzo,9082.478003139,11.0
Stage 4,Hanamura,Sombra,8310.939187954002,12.0
Stage 4,Hanamura,Wrecking Ball,6313.590075264001,13.0
Stage 4,Hanamura,Widowmaker,5943.258448595001,14.0
Stage 4,Hanamura,Pharah,5246.37202968,15.0
Stage 4,Hanamura,Zenyatta,4987.53613801,16.0
Stage 4,Hanamura,Doomfist,3385.5283137349998,17.0
Stage 4,Hanamura,Genji,3381.6298230849998,18.0
Stage 4,Hanamura,Tracer,2155.243765575,19.0
Stage 4,Hanamura,Winston,1719.996850867,20.0
Stage 4,Hanamura,McCree,1116.425073588,21.0
Stage 4,Hanamura,Brigitte,556.83463441,22.0
Stage 4,Hanamura,Bastion,293.95551066999997,23.0
Stage 4,Hanamura,Symmetra,202.51525761000002,24.0
Stage 4,Hanamura,Reinhardt,148.926923032,25.0
Stage 4,Hanamura,Ashe,101.252356382,26.0
Stage 4,Hanamura,Zarya,56.465311045,27.0
Stage 4,Hanamura,Soldier: 76,23.37403905,28.0
Stage 4,Havana,Orisa,42226.914259053985,1.0
Stage 4,Havana,Mei,31177.438136700002,2.0
Stage 4,Havana,Baptiste,28953.610729289994,3.0
Stage 4,Havana,Roadhog,27952.016825941002,4.0
Stage 4,Havana,Hanzo,27497.6254082,5.0
Stage 4,Havana,Zenyatta,26904.3568402,6.0
Stage 4,Havana,Widowmaker,16902.037577930005,7.0
Stage 4,Havana,D.Va,15655.173476088,8.0
Stage 4,Havana,Ana,13031.412250029996,9.0
Stage 4,Havana,Mercy,9113.38626578,10.0
Stage 4,Havana,Lúcio,6080.435808294999,11.0
Stage 4,Havana,Reaper,4686.553995885,12.0
Stage 4,Havana,Moira,4098.754417956,13.0
Stage 4,Havana,McCree,1897.0186060030003,14.0
Stage 4,Havana,Sombra,1820.186290292,15.0
Stage 4,Havana,Wrecking Ball,1377.3693579429996,16.0
Stage 4,Havana,Pharah,1228.4091756100001,17.0
Stage 4,Havana,Genji,1008.4125642570001,18.0
Stage 4,Havana,Reinhardt,791.349255515,19.0
Stage 4,Havana,Tracer,755.459367766,20.0
Stage 4,Havana,Doomfist,624.880937806,21.0
Stage 4,Havana,Winston,377.671462302,22.0
Stage 4,Havana,Bastion,284.202992582,23.0
Stage 4,Havana,Torbjörn,210.216079989,24.0
Stage 4,Havana,Brigitte,206.31402896400004,25.0
Stage 4,Havana,Soldier: 76,165.44984282000001,26.0
Stage 4,Havana,Symmetra,130.379361704,27.0
Stage 4,Havana,Zarya,7.775700747999999,28.0
Stage 4,Hollywood,Orisa,23772.803458199996,1.0
Stage 4,Hollywood,Mei,17371.03765312,2.0
Stage 4,Hollywood,Hanzo,16139.787673154004,3.0
Stage 4,Hollywood,Baptiste,15789.045657477001,4.0
Stage 4,Hollywood,Ana,15788.893048970998,5.0
Stage 4,Hollywood,Roadhog,15041.471822274001,6.0
Stage 4,Hollywood,D.Va,13595.270436319,7.0
Stage 4,Hollywood,Zenyatta,10251.656246460001,8.0
Stage 4,Hollywood,Mercy,8697.953194387,9.0
Stage 4,Hollywood,Sombra,5461.71087262,10.0
Stage 4,Hollywood,Lúcio,4212.071967833999,11.0
Stage 4,Hollywood,Wrecking Ball,3651.246340636,12.0
Stage 4,Hollywood,Reaper,3109.942693011,13.0
Stage 4,Hollywood,Pharah,3056.2447592,14.0
Stage 4,Hollywood,Widowmaker,3004.626982605,15.0
Stage 4,Hollywood,Genji,2999.8736558499995,16.0
Stage 4,Hollywood,Moira,2949.5572029699997,17.0
Stage 4,Hollywood,Doomfist,2594.8030908549995,18.0
Stage 4,Hollywood,McCree,2286.54903465,19.0
Stage 4,Hollywood,Winston,1495.029459608,20.0
Stage 4,Hollywood,Tracer,878.075938222,21.0
Stage 4,Hollywood,Junkrat,772.84354484,22.0
Stage 4,Hollywood,Reinhardt,132.379605352,23.0
Stage 4,Hollywood,Zarya,130.4071402,24.0
Stage 4,Hollywood,Brigitte,129.430945,25.0
Stage 4,Hollywood,Symmetra,79.8276003,26.0
Stage 4,Hollywood,Bastion,39.92257726,27.0
Stage 4,Hollywood,Soldier: 76,23.36218637,28.0
Stage 4,Ilios,D.Va,32679.4189428,1.0
Stage 4,Ilios,Orisa,28311.576124409992,2.0
Stage 4,Ilios,Lúcio,22980.924760121994,3.0
Stage 4,Ilios,Ana,21303.371076195,4.0
Stage 4,Ilios,Mei,18304.282115799997,5.0
Stage 4,Ilios,Moira,16872.344581939997,6.0
Stage 4,Ilios,Reaper,13636.923026432,7.0
Stage 4,Ilios,Mercy,13004.947562161997,8.0
Stage 4,Ilios,Widowmaker,11185.936437767998,9.0
Stage 4,Ilios,Wrecking Ball,9723.436453052,10.0
Stage 4,Ilios,Pharah,9154.223608479999,11.0
Stage 4,Ilios,Sombra,9127.689605474,12.0
Stage 4,Ilios,Roadhog,7354.670723653001,13.0
Stage 4,Ilios,Hanzo,5613.643788478,14.0
Stage 4,Ilios,Doomfist,5081.5844794079985,15.0
Stage 4,Ilios,McCree,4111.4938160500005,16.0
Stage 4,Ilios,Baptiste,3796.2717661389993,17.0
Stage 4,Ilios,Tracer,3610.0141729310003,18.0
Stage 4,Ilios,Winston,2114.9439540099997,19.0
Stage 4,Ilios,Zenyatta,1803.7849788999997,20.0
Stage 4,Ilios,Brigitte,795.14811986,21.0
Stage 4,Ilios,Genji,375.68551582,22.0
Stage 4,Ilios,Reinhardt,372.746647353,23.0
Stage 4,Ilios,Torbjörn,298.85331631500003,24.0
Stage 4,Ilios,Symmetra,42.829568267,25.0
Stage 4,Ilios,Junkrat,11.68294984,26.0
Stage 4,Ilios,Soldier: 76,1.950443804,27.0
Stage 4,Junkertown,Orisa,38505.4636669,1.0
Stage 4,Junkertown,Widowmaker,25691.775392015996,2.0
Stage 4,Junkertown,D.Va,21782.934882629997,3.0
Stage 4,Junkertown,Mercy,21611.95568142,4.0
Stage 4,Junkertown,Ana,19787.502053768,5.0
Stage 4,Junkertown,Mei,19766.015780020003,6.0
Stage 4,Junkertown,Roadhog,16432.692270450003,7.0
Stage 4,Junkertown,Hanzo,15311.275768782998,8.0
Stage 4,Junkertown,Zenyatta,14383.732971206999,9.0
Stage 4,Junkertown,Lúcio,9703.127193203001,10.0
Stage 4,Junkertown,Baptiste,9064.132976550001,11.0
Stage 4,Junkertown,Reaper,7386.68160363,12.0
Stage 4,Junkertown,Moira,6073.724612589999,13.0
Stage 4,Junkertown,Genji,5190.946686531998,14.0
Stage 4,Junkertown,Tracer,1939.9918313749997,15.0
Stage 4,Junkertown,Reinhardt,1824.864587855,16.0
Stage 4,Junkertown,Wrecking Ball,1519.5229590679999,17.0
Stage 4,Junkertown,McCree,1372.4453559400001,18.0
Stage 4,Junkertown,Bastion,1210.6533886799998,19.0
Stage 4,Junkertown,Pharah,1183.548349491,20.0
Stage 4,Junkertown,Doomfist,1056.071749014,21.0
Stage 4,Junkertown,Winston,865.324089745,22.0
Stage 4,Junkertown,Sombra,684.1801167499999,23.0
Stage 4,Junkertown,Brigitte,449.70858822,24.0
Stage 4,Junkertown,Soldier: 76,195.603395801,25.0
Stage 4,Junkertown,Zarya,143.081623102,26.0
Stage 4,Junkertown,Ashe,46.729939996999995,27.0
Stage 4,Junkertown,Junkrat,25.30899972,28.0
Stage 4,Junkertown,Symmetra,8.755686164,29.0
Stage 4,Junkertown,Torbjörn,3.900032997,30.0
Stage 4,King's Row,Orisa,38244.65553989999,1.0
Stage 4,King's Row,Mei,33804.754889749995,2.0
Stage 4,King's Row,Baptiste,19685.559173396006,3.0
Stage 4,King's Row,D.Va,19332.007474481,4.0
Stage 4,King's Row,Roadhog,19000.26574969,5.0
Stage 4,King's Row,Hanzo,18342.576415623007,6.0
Stage 4,King's Row,Zenyatta,14808.138723430002,7.0
Stage 4,King's Row,Lúcio,14477.523353542001,8.0
Stage 4,King's Row,Ana,14442.098657110999,9.0
Stage 4,King's Row,Reaper,13263.962520275,10.0
Stage 4,King's Row,Moira,9808.081761472002,11.0
Stage 4,King's Row,Widowmaker,6745.590660726,12.0
Stage 4,King's Row,Mercy,5345.035041248001,13.0
Stage 4,King's Row,McCree,1702.3566255290002,14.0
Stage 4,King's Row,Doomfist,1635.147108869,15.0
Stage 4,King's Row,Pharah,1627.4022774999999,16.0
Stage 4,King's Row,Zarya,923.7028647999999,17.0
Stage 4,King's Row,Sombra,623.081393534,18.0
Stage 4,King's Row,Reinhardt,613.2060831,19.0
Stage 4,King's Row,Genji,524.7170332000001,20.0
Stage 4,King's Row,Wrecking Ball,381.55720037799995,21.0
Stage 4,King's Row,Tracer,183.03191811399998,22.0
Stage 4,King's Row,Symmetra,117.7109246,23.0
Stage 4,King's Row,Winston,78.833247064,24.0
Stage 4,King's Row,Brigitte,7.791448891,25.0
Stage 4,King's Row,Ashe,1.95268774,26.0
Stage 4,King's Row,Soldier: 76,1.943704069,27.0
Stage 4,Lijiang Tower,D.Va,36233.48390479999,1.0
Stage 4,Lijiang Tower,Lúcio,30788.67910896199,2.0
Stage 4,Lijiang Tower,Orisa,30555.529248999992,3.0
Stage 4,Lijiang Tower,Mei,26415.228000507002,4.0
Stage 4,Lijiang Tower,Moira,25694.227305693992,5.0
Stage 4,Lijiang Tower,Reaper,23202.774506116006,6.0
Stage 4,Lijiang Tower,Ana,12826.430903045997,7.0
Stage 4,Lijiang Tower,Mercy,8400.029664617,8.0
Stage 4,Lijiang Tower,Pharah,8101.146109998999,9.0
Stage 4,Lijiang Tower,Wrecking Ball,7424.9611235799985,10.0
Stage 4,Lijiang Tower,Sombra,7020.87328567,11.0
Stage 4,Lijiang Tower,Doomfist,6180.0942985050015,12.0
Stage 4,Lijiang Tower,McCree,3674.61964658,13.0
Stage 4,Lijiang Tower,Tracer,3633.5370294590007,14.0
Stage 4,Lijiang Tower,Roadhog,3009.4336365999998,15.0
Stage 4,Lijiang Tower,Baptiste,1609.841144567,16.0
Stage 4,Lijiang Tower,Reinhardt,1551.63966997,17.0
Stage 4,Lijiang Tower,Widowmaker,1524.1798076119999,18.0
Stage 4,Lijiang Tower,Zarya,1344.3691469,19.0
Stage 4,Lijiang Tower,Zenyatta,1322.8448281199999,20.0
Stage 4,Lijiang Tower,Winston,1148.595575208,21.0
Stage 4,Lijiang Tower,Hanzo,860.50830125,22.0
Stage 4,Lijiang Tower,Brigitte,625.9593510850001,23.0
Stage 4,Lijiang Tower,Symmetra,520.703643051,24.0
Stage 4,Lijiang Tower,Genji,130.45144930700002,25.0
Stage 4,Lijiang Tower,Soldier: 76,3.896228373,26.0
Stage 4,Route 66,Orisa,40734.1897896,1.0
Stage 4,Route 66,Mei,33182.7126,2.0
Stage 4,Route 66,Hanzo,31671.541566056,3.0
Stage 4,Route 66,Baptiste,31634.030373709997,4.0
Stage 4,Route 66,Roadhog,30052.446814340998,5.0
Stage 4,Route 66,Zenyatta,22429.463747089998,6.0
Stage 4,Route 66,Ana,18201.51918695001,7.0
Stage 4,Route 66,D.Va,12595.54913991,8.0
Stage 4,Route 66,Widowmaker,9584.041659981,9.0
Stage 4,Route 66,Mercy,8179.5670316000005,10.0
Stage 4,Route 66,Lúcio,3816.5431842660005,11.0
Stage 4,Route 66,Sombra,2591.9475636700004,12.0
Stage 4,Route 66,Reaper,2509.2766000419997,13.0
Stage 4,Route 66,McCree,2232.8343186499997,14.0
Stage 4,Route 66,Tracer,2020.7405567199999,15.0
Stage 4,Route 66,Wrecking Ball,1689.7848199780003,16.0
Stage 4,Route 66,Moira,1579.883215771,17.0
Stage 4,Route 66,Pharah,952.9744082,18.0
Stage 4,Route 66,Doomfist,929.5467163089999,19.0
Stage 4,Route 66,Winston,785.5963804400001,20.0
Stage 4,Route 66,Genji,534.31994632,21.0
Stage 4,Route 66,Brigitte,383.524509753,22.0
Stage 4,Route 66,Reinhardt,264.775801164,23.0
Stage 4,Route 66,Zarya,102.188502189,24.0
Stage 4,Route 66,Bastion,6.809112549,25.0
Stage 4,Route 66,Symmetra,4.873364448999999,26.0
Stage 4,Route 66,Junkrat,2.912834525,27.0
Stage 4,Temple of Anubis,D.Va,23118.382538530008,1.0
Stage 4,Temple of Anubis,Ana,22118.524498000006,2.0
Stage 4,Temple of Anubis,Orisa,19572.590855680002,3.0
Stage 4,Temple of Anubis,Mercy,15801.747726339996,4.0
Stage 4,Temple of Anubis,Sombra,11821.344815666997,5.0
Stage 4,Temple of Anubis,Mei,10135.286843966998,6.0
Stage 4,Temple of Anubis,Roadhog,8974.030349050001,7.0
Stage 4,Temple of Anubis,Genji,8762.69288613,8.0
Stage 4,Temple of Anubis,Lúcio,8392.011057798,9.0
Stage 4,Temple of Anubis,Widowmaker,8206.86053242,10.0
Stage 4,Temple of Anubis,Winston,7372.822081453998,11.0
Stage 4,Temple of Anubis,Hanzo,6752.81741588,12.0
Stage 4,Temple of Anubis,Baptiste,6377.377597876999,13.0
Stage 4,Temple of Anubis,Zenyatta,5740.79444868,14.0
Stage 4,Temple of Anubis,Reaper,5007.796396887999,15.0
Stage 4,Temple of Anubis,Wrecking Ball,4863.793319617,16.0
Stage 4,Temple of Anubis,Doomfist,4432.463737487,17.0
Stage 4,Temple of Anubis,Junkrat,4412.10090048,18.0
Stage 4,Temple of Anubis,Moira,3626.8100788250013,19.0
Stage 4,Temple of Anubis,Brigitte,2279.39090868,20.0
Stage 4,Temple of Anubis,Tracer,1986.5181006540001,21.0
Stage 4,Temple of Anubis,McCree,1601.196446543,22.0
Stage 4,Temple of Anubis,Pharah,838.9969146999999,23.0
Stage 4,Temple of Anubis,Reinhardt,435.037172513,24.0
Stage 4,Temple of Anubis,Torbjörn,359.11184410299995,25.0
Stage 4,Temple of Anubis,Bastion,13.634166181,26.0
Stage 4,Temple of Anubis,Ashe,3.8901183599999998,27.0
Stage 4,Temple of Anubis,Symmetra,1.945197403,28.0
Stage 4,Volskaya Industries,Orisa,31121.109356699995,1.0
Stage 4,Volskaya Industries,Mei,23662.457875760007,2.0
Stage 4,Volskaya Industries,Roadhog,22301.717785819994,3.0
Stage 4,Volskaya Industries,Baptiste,20520.518062448005,4.0
Stage 4,Volskaya Industries,Hanzo,17585.000355402,5.0
Stage 4,Volskaya Industries,Ana,17522.02967339,6.0
Stage 4,Volskaya Industries,Zenyatta,12849.653308473999,7.0
Stage 4,Volskaya Industries,Widowmaker,12609.294576056998,8.0
Stage 4,Volskaya Industries,D.Va,9947.431852892,9.0
Stage 4,Volskaya Industries,Mercy,8219.74758435,10.0
Stage 4,Volskaya Industries,Lúcio,4554.223578966,11.0
Stage 4,Volskaya Industries,Reaper,3214.87028512,12.0
Stage 4,Volskaya Industries,Pharah,2834.4225089449997,13.0
Stage 4,Volskaya Industries,Moira,1551.5005744990003,14.0
Stage 4,Volskaya Industries,Wrecking Ball,1516.4719463260005,15.0
Stage 4,Volskaya Industries,Tracer,1502.806362366,16.0
Stage 4,Volskaya Industries,McCree,1073.60600403,17.0
Stage 4,Volskaya Industries,Genji,922.830777902,18.0
Stage 4,Volskaya Industries,Sombra,863.443210412,19.0
Stage 4,Volskaya Industries,Doomfist,844.8276044669999,20.0
Stage 4,Volskaya Industries,Winston,173.238268791,21.0
Stage 4,Volskaya Industries,Zarya,114.85922649999999,22.0
Stage 4,Volskaya Industries,Symmetra,89.535008127,23.0
Stage 4,Volskaya Industries,Reinhardt,88.60449272000001,24.0
Stage 4,Volskaya Industries,Brigitte,45.76014858,25.0
Stage 4,Volskaya Industries,Bastion,28.22165054,26.0
Stage 4,Volskaya Industries,Soldier: 76,22.38048494,27.0
Stage 4,Volskaya Industries,Ashe,5.843135536,28.0
Stage 4,Volskaya Industries,Torbjörn,3.8930916790000003,29.0
